entity,year,value,annotations
AFE,1960,6.47909924493651,
AFE,1961,6.60033484584478,
AFE,1962,6.72783328867945,
AFE,1963,6.85375213690564,
AFE,1964,6.98648163700524,
AFE,1965,7.12442789776871,
AFE,1966,7.26942373219249,
AFE,1967,7.42213118313201,
AFE,1968,7.58154779515578,
AFE,1969,7.74216459759446,
AFE,1970,7.88746031513188,
AFE,1971,7.99950537425987,
AFE,1972,8.11372021525513,
AFE,1973,8.22397885726267,
AFE,1974,8.33056097896443,
AFE,1975,8.4418013172836,
AFE,1976,8.54953396198095,
AFE,1977,8.67077193927825,
AFE,1978,8.78140736242408,
AFE,1979,8.86637563725056,
AFE,1980,8.96856085382475,
AFE,1981,9.0514948014042,
AFE,1982,9.12231246183655,
AFE,1983,9.22618097245397,
AFE,1984,9.35945510970044,
AFE,1985,9.48453724514679,
AFE,1986,9.62574088515483,
AFE,1987,9.76976945791268,
AFE,1988,9.92205430846915,
AFE,1989,10.081425303062,
AFE,1990,10.2481697590077,
AFE,1991,10.4386930413204,
AFE,1992,10.6483365913014,
AFE,1993,10.8217486656139,
AFE,1994,10.973288535425,
AFE,1995,11.1413539113979,
AFE,1996,11.2938128479531,
AFE,1997,11.4414462491404,
AFE,1998,11.5716156131774,
AFE,1999,11.6918271319872,
AFE,2000,11.8158982204926,
AFE,2001,11.9464290999256,
AFE,2002,12.062418117209,
AFE,2003,12.1669123617606,
AFE,2004,12.2731220137415,
AFE,2005,12.3790996390277,
AFE,2006,12.4968739381329,
AFE,2007,12.5249227915272,
AFE,2008,12.6713143371939,
AFE,2009,12.8223035262422,
AFE,2010,12.9800938516914,
AFE,2011,13.1481514784492,
AFE,2012,13.3137337357042,
AFE,2013,13.474837822928,
AFE,2014,13.6340621893544,
AFE,2015,13.7603976172185,
AFE,2016,13.8949366113141,
AFE,2017,14.0290320756528,
AFE,2018,14.1481181309266,
AFE,2019,14.2610465199665,
AFE,2020,14.3799394561514,
AFE,2021,14.5082214392453,
AFE,2022,14.6497227364124,
AFE,2023,14.812855078849,
AFE,2024,14.9864703143086,
AFE,2025,15.1518038864716,
AFG,1960,3.15828048632419,
AFG,1961,3.25978179271882,
AFG,1962,3.36200925396032,
AFG,1963,3.46534906028818,
AFG,1964,3.57011052627396,
AFG,1965,3.67485757285168,
AFG,1966,3.78158058403169,
AFG,1967,3.88433840261513,
AFG,1968,3.98220792155972,
AFG,1969,4.08067813403315,
AFG,1970,4.17967803376543,
AFG,1971,4.28178819462905,
AFG,1972,4.45859249300809,
AFG,1973,4.7142708269675,
AFG,1974,4.98556153931225,
AFG,1975,5.27834999249254,
AFG,1976,5.60025531684856,
AFG,1977,5.94552512616227,
AFG,1978,6.32033742790348,
AFG,1979,6.82789663732015,
AFG,1980,7.42502018518661,
AFG,1981,8.58916894469658,
AFG,1982,9.78251316622902,
AFG,1983,10.3275037456556,
AFG,1984,10.5672622551422,
AFG,1985,10.8512913267801,
AFG,1986,11.3860820866835,
AFG,1987,11.9296339298714,
AFG,1988,12.3180360344755,
AFG,1989,12.4886728142827,
AFG,1990,12.8620598622242,
AFG,1991,13.2258599827648,
AFG,1992,12.7365487725181,
AFG,1993,11.8241963620575,
AFG,1994,11.3596357199531,
AFG,1995,11.3014914710302,
AFG,1996,11.3446536239451,
AFG,1997,11.4095036708848,
AFG,1998,11.4799867390369,
AFG,1999,11.555127934056,
AFG,2000,11.9278191556451,
AFG,2001,12.3665896005222,
AFG,2002,12.2592836403693,
AFG,2003,12.0448471298329,
AFG,2004,12.0287874861199,
AFG,2005,11.9042390713181,
AFG,2006,11.7140103399555,
AFG,2007,11.7832321080028,
AFG,2008,11.8184823239934,
AFG,2009,11.6812466392663,
AFG,2010,11.6284636213668,
AFG,2011,11.4886416342973,
AFG,2012,11.3105109765257,
AFG,2013,11.2047091229137,
AFG,2014,11.0765158264889,
AFG,2015,11.0060563203267,
AFG,2016,11.0005005099046,
AFG,2017,10.965014786796,
AFG,2018,10.9184490700402,
AFG,2019,10.8675423982293,
AFG,2020,10.8053297220795,
AFG,2021,10.8393133550724,
AFG,2022,10.9857299525699,
AFG,2023,11.0690928841684,
AFG,2024,11.087132626697,
AFG,2025,11.1235554530915,
AFW,1960,4.86702968226714,
AFW,1961,5.11380195253003,
AFW,1962,5.36420520902344,
AFW,1963,5.61351638345207,
AFW,1964,5.84395247975734,
AFW,1965,6.0671570016363,
AFW,1966,6.30264191740235,
AFW,1967,6.5535507896334,
AFW,1968,6.81768220655037,
AFW,1969,7.09906050482436,
AFW,1970,7.38487006800652,
AFW,1971,7.67860661800175,
AFW,1972,8.01152834377129,
AFW,1973,8.33673977536545,
AFW,1974,8.65674559154916,
AFW,1975,8.98676407209477,
AFW,1976,9.31655694178794,
AFW,1977,9.62881773371423,
AFW,1978,9.93169522947921,
AFW,1979,10.1861687825977,
AFW,1980,10.4511904349811,
AFW,1981,10.7249781178196,
AFW,1982,11.0064576610863,
AFW,1983,11.3237122768435,
AFW,1984,11.5833985410373,
AFW,1985,11.8490225668181,
AFW,1986,12.1080277029753,
AFW,1987,12.3688664887012,
AFW,1988,12.6303594253363,
AFW,1989,12.8769704982831,
AFW,1990,13.1534267005156,
AFW,1991,13.4222602951148,
AFW,1992,13.4347193766978,
AFW,1993,13.4638345740367,
AFW,1994,13.5230974293928,
AFW,1995,13.5862235620331,
AFW,1996,13.8731482789212,
AFW,1997,13.9934995533827,
AFW,1998,14.1185103421609,
AFW,1999,14.2511662869016,
AFW,2000,14.4254021869467,
AFW,2001,14.591893435556,
AFW,2002,14.7617508766001,
AFW,2003,14.9364172531675,
AFW,2004,15.1170470186406,
AFW,2005,15.2195935154348,
AFW,2006,15.3108220642508,
AFW,2007,15.3755782964616,
AFW,2008,15.4515813788375,
AFW,2009,15.5521663832801,
AFW,2010,15.6487557038197,
AFW,2011,15.7482190002351,
AFW,2012,15.8578092065096,
AFW,2013,15.9774134079081,
AFW,2014,16.098878045978,
AFW,2015,16.2300484042732,
AFW,2016,16.3722821371938,
AFW,2017,16.5257785253155,
AFW,2018,16.6987063398197,
AFW,2019,16.8586588318195,
AFW,2020,17.0355965724743,
AFW,2021,17.2273571653205,
AFW,2022,17.4320829978882,
AFW,2023,17.6380752508997,
AFW,2024,17.8522358195262,
AFW,2025,18.0892565355249,
AGO,1960,4.19421850145289,
AGO,1961,4.3974412925347,
AGO,1962,4.69477859892311,
AGO,1963,5.01151928879948,
AGO,1964,5.34890185859305,
AGO,1965,5.70643035533806,
AGO,1966,6.08737686302291,
AGO,1967,6.49332740379102,
AGO,1968,6.92729881061582,
AGO,1969,7.38945657162041,
AGO,1970,7.84626061972516,
AGO,1971,8.15526091860896,
AGO,1972,8.32569139437231,
AGO,1973,8.4645633548135,
AGO,1974,8.60228987745577,
AGO,1975,8.74629015831922,
AGO,1976,8.90066298554956,
AGO,1977,9.05202895558232,
AGO,1978,9.1976569323933,
AGO,1979,9.34275086664593,
AGO,1980,9.48317111456881,
AGO,1981,9.61910624807438,
AGO,1982,9.75420857877282,
AGO,1983,9.88798503751466,
AGO,1984,10.227885520316,
AGO,1985,10.5803078395602,
AGO,1986,10.9525368733018,
AGO,1987,11.3542686517573,
AGO,1988,11.7801741984447,
AGO,1989,12.2183069328621,
AGO,1990,12.6767793187206,
AGO,1991,13.1568443840407,
AGO,1992,13.6680164511219,
AGO,1993,14.2074360330658,
AGO,1994,14.6457551998662,
AGO,1995,15.0827699543744,
AGO,1996,15.5276987684614,
AGO,1997,15.9807708009317,
AGO,1998,16.4564952237461,
AGO,1999,16.9551168409742,
AGO,2000,17.4673842684371,
AGO,2001,17.9845679351448,
AGO,2002,18.5087067821296,
AGO,2003,19.0317755880166,
AGO,2004,19.5515446073458,
AGO,2005,20.0716276226195,
AGO,2006,20.5993681127303,
AGO,2007,21.1287923162725,
AGO,2008,21.6659611083267,
AGO,2009,22.2077778793477,
AGO,2010,22.7538348109505,
AGO,2011,23.3047318826648,
AGO,2012,23.8720695239547,
AGO,2013,24.4572114094755,
AGO,2014,24.9969247925197,
AGO,2015,24.9423126055525,
AGO,2016,24.8961092852808,
AGO,2017,24.8565735706415,
AGO,2018,24.8399574977342,
AGO,2019,24.8481172506532,
AGO,2020,24.9013934715274,
AGO,2021,24.9964345108767,
AGO,2022,25.1227408850993,
AGO,2023,25.2853327026197,
AGO,2024,25.4739757844677,
AGO,2025,25.6861859180007,
ARB,1960,14.4766493437057,
ARB,1961,14.8229278027889,
ARB,1962,15.1803616089752,
ARB,1963,15.5666522304846,
ARB,1964,15.9976102226246,
ARB,1965,16.4549040355298,
ARB,1966,16.8518242655347,
ARB,1967,17.1167418489478,
ARB,1968,17.3923800101149,
ARB,1969,17.682206690741,
ARB,1970,17.9881258817948,
ARB,1971,18.3118243265458,
ARB,1972,18.6516174227952,
ARB,1973,18.9929404359873,
ARB,1974,19.3184234499957,
ARB,1975,19.5958029945401,
ARB,1976,19.7491763560012,
ARB,1977,19.888474389758,
ARB,1978,19.9490653249265,
ARB,1979,19.9619214806832,
ARB,1980,19.9874608602578,
ARB,1981,20.052597689434,
ARB,1982,20.1163532651137,
ARB,1983,20.1428195587753,
ARB,1984,20.1903495794905,
ARB,1985,20.2570040432221,
ARB,1986,20.3416300423228,
ARB,1987,20.4767395888927,
ARB,1988,20.6899441548331,
ARB,1989,20.8885122263064,
ARB,1990,21.168425285688,
ARB,1991,21.4577213306633,
ARB,1992,21.6949145190495,
ARB,1993,21.7906711623334,
ARB,1994,21.8133276401601,
ARB,1995,21.8418941887462,
ARB,1996,21.9084623616402,
ARB,1997,21.9435881215567,
ARB,1998,21.9590028676867,
ARB,1999,21.9770046105438,
ARB,2000,21.9937467865844,
ARB,2001,22.0127027381681,
ARB,2002,22.075832407489,
ARB,2003,22.1215828258844,
ARB,2004,22.0771369059136,
ARB,2005,22.0670552415346,
ARB,2006,22.0795975478093,
ARB,2007,21.9575309927628,
ARB,2008,22.0490234025794,
ARB,2009,22.1591793209297,
ARB,2010,22.3396761189783,
ARB,2011,22.0776122481489,
ARB,2012,21.920313667878,
ARB,2013,21.804233492015,
ARB,2014,21.7934048080276,
ARB,2015,21.9667931160734,
ARB,2016,22.2280911444432,
ARB,2017,22.4075532442517,
ARB,2018,22.6405909620906,
ARB,2019,22.7084045200924,
ARB,2020,22.7253735377062,
ARB,2021,22.8562208027866,
ARB,2022,22.8247927616343,
ARB,2023,22.7988185631337,
ARB,2024,22.8066944152619,
ARB,2025,22.811769411568,
ARE,1960,43.3947035801849,
ARE,1961,45.0666357463276,
ARE,1962,46.9029845597671,
ARE,1963,48.9143360203927,
ARE,1964,51.1578538686972,
ARE,1965,53.7255465192127,
ARE,1966,56.8176070262565,
ARE,1967,60.6739009460211,
ARE,1968,61.2267822040358,
ARE,1969,58.9059500959693,
ARE,1970,56.9945835776307,
ARE,1971,56.4044091968707,
ARE,1972,56.8200117398328,
ARE,1973,58.0264849369499,
ARE,1974,59.9602933629395,
ARE,1975,62.5788422712469,
ARE,1976,62.684577489259,
ARE,1977,60.5989222890727,
ARE,1978,59.3554222673656,
ARE,1979,58.8431047905176,
ARE,1980,59.0979619966526,
ARE,1981,59.0139609312137,
ARE,1982,58.478698869141,
ARE,1983,58.0364363456798,
ARE,1984,57.7168689643766,
ARE,1985,57.521421920574,
ARE,1986,56.881604870712,
ARE,1987,55.9051201719683,
ARE,1988,55.1915580322847,
ARE,1989,54.6970110919847,
ARE,1990,54.4101842779025,
ARE,1991,54.3107185893136,
ARE,1992,54.3915298879762,
ARE,1993,54.6348870186801,
ARE,1994,55.0513532412331,
ARE,1995,55.587387489516,
ARE,1996,55.3478566841857,
ARE,1997,54.4757419047991,
ARE,1998,53.899476421193,
ARE,1999,53.5803789885453,
ARE,2000,53.4978925599136,
ARE,2001,53.6030282603616,
ARE,2002,53.8800038212446,
ARE,2003,54.3211057382342,
ARE,2004,54.9384314672022,
ARE,2005,55.7247378767319,
ARE,2006,55.5682857199896,
ARE,2007,53.0822533373277,
ARE,2008,50.8233026542427,
ARE,2009,51.2339687535131,
ARE,2010,53.6700719871415,
ARE,2011,54.8790646203877,
ARE,2012,55.7878239825268,
ARE,2013,56.6840170018813,
ARE,2014,57.2275989398767,
ARE,2015,57.359624429043,
ARE,2016,57.7571922850289,
ARE,2017,59.1922998734174,
ARE,2018,61.7963921173899,
ARE,2019,62.6106564991687,
ARE,2020,64.3100155536016,
ARE,2021,64.4370240806621,
ARE,2022,62.430872050626,
ARE,2023,61.0987422345304,
ARE,2024,59.3142339619894,
ARE,2025,57.5282401018175,
ARG,1960,41.0420461644228,
ARG,1961,41.3371654415873,
ARG,1962,41.5919240482566,
ARG,1963,41.8544042129233,
ARG,1964,42.1343292364765,
ARG,1965,42.4335975609232,
ARG,1966,42.7508138566439,
ARG,1967,43.0735321137596,
ARG,1968,43.3986435676372,
ARG,1969,43.7218357059219,
ARG,1970,44.038432843306,
ARG,1971,44.1593855319211,
ARG,1972,44.2141493977844,
ARG,1973,44.25233086075,
ARG,1974,44.2794178517864,
ARG,1975,44.3229828183056,
ARG,1976,44.3869012444619,
ARG,1977,44.4408795585167,
ARG,1978,44.4894246893299,
ARG,1979,44.5391554503726,
ARG,1980,44.5919218597898,
ARG,1981,44.5002397593392,
ARG,1982,44.3470502376171,
ARG,1983,44.1957206975172,
ARG,1984,44.0501893089239,
ARG,1985,43.9125868456356,
ARG,1986,43.7840378969479,
ARG,1987,43.6606605917557,
ARG,1988,43.5366280212049,
ARG,1989,43.4198152468282,
ARG,1990,43.3216140200204,
ARG,1991,43.2370294406664,
ARG,1992,43.108072360605,
ARG,1993,42.9915458849145,
ARG,1994,42.8818896077255,
ARG,1995,42.785373375892,
ARG,1996,42.7124075426131,
ARG,1997,42.6566572616381,
ARG,1998,42.6183973435138,
ARG,1999,42.5898585018346,
ARG,2000,42.5705643340955,
ARG,2001,42.5650910004233,
ARG,2002,42.6316869110749,
ARG,2003,42.7512399581077,
ARG,2004,42.8802427334189,
ARG,2005,43.0024854916092,
ARG,2006,43.1256887725453,
ARG,2007,43.2654760206366,
ARG,2008,43.3972090147701,
ARG,2009,43.5075303579153,
ARG,2010,43.6205780691441,
ARG,2011,43.5580098661272,
ARG,2012,43.4294961536319,
ARG,2013,43.3160323893961,
ARG,2014,43.1870591697378,
ARG,2015,43.0523077344874,
ARG,2016,42.95257758185,
ARG,2017,42.8903146689552,
ARG,2018,42.8536369214905,
ARG,2019,42.870875081562,
ARG,2020,42.9952979473232,
ARG,2021,43.2272919564566,
ARG,2022,43.4978368523683,
ARG,2023,43.7489867068455,
ARG,2024,43.9852833145123,
ARG,2025,44.2323652737329,
ARM,1960,28.8542982929165,
ARM,1961,28.9558823834595,
ARM,1962,29.0849625619261,
ARM,1963,29.243203991395,
ARM,1964,29.4356727283876,
ARM,1965,29.6618253508485,
ARM,1966,29.9295374904448,
ARM,1967,30.2386747169654,
ARM,1968,30.5935955399336,
ARM,1969,31.0091459264118,
ARM,1970,31.432688124613,
ARM,1971,31.8020706081743,
ARM,1972,32.1644776896634,
ARM,1973,32.5159073458869,
ARM,1974,32.8643244138629,
ARM,1975,33.2109299257197,
ARM,1976,33.3712539897416,
ARM,1977,33.3207224459262,
ARM,1978,33.2480640147212,
ARM,1979,33.3288831155163,
ARM,1980,33.5194043923969,
ARM,1981,33.7230400826192,
ARM,1982,33.9328212689653,
ARM,1983,34.1401436736321,
ARM,1984,34.3029889159625,
ARM,1985,34.4383811715748,
ARM,1986,34.5946564438349,
ARM,1987,34.7631680146131,
ARM,1988,35.0104094482322,
ARM,1989,34.3016467718045,
ARM,1990,33.0653625094591,
ARM,1991,32.3201835540182,
ARM,1992,32.5206104044922,
ARM,1993,33.4514897496099,
ARM,1994,34.1441652970181,
ARM,1995,34.5412553766635,
ARM,1996,34.6526327989301,
ARM,1997,34.8061432608126,
ARM,1998,35.0228665307111,
ARM,1999,35.2817838363823,
ARM,2000,34.5006674738443,
ARM,2001,34.4099570334392,
ARM,2002,34.3863991499469,
ARM,2003,34.4350981932443,
ARM,2004,34.4879775032386,
ARM,2005,34.5522819730486,
ARM,2006,34.6265549550702,
ARM,2007,34.7067966788955,
ARM,2008,34.7951799423407,
ARM,2009,34.8947488584475,
ARM,2010,34.9972740409879,
ARM,2011,35.0519171703161,
ARM,2012,35.1271783340498,
ARM,2013,35.2503309066843,
ARM,2014,35.4456500099542,
ARM,2015,35.6541636157891,
ARM,2016,35.9015473047489,
ARM,2017,36.1582533395986,
ARM,2018,36.3867969013136,
ARM,2019,36.567864978903,
ARM,2020,36.6798919466487,
ARM,2021,36.7680856091551,
ARM,2022,36.7785262023441,
ARM,2023,36.9332726107344,
ARM,2024,36.1807153453107,
ARM,2025,35.6444422846406,
AUS,1960,54.1999461488602,
AUS,1961,54.6152723457026,
AUS,1962,54.6622323589648,
AUS,1963,54.9989315068493,
AUS,1964,55.3179278230501,
AUS,1965,55.6393484369512,
AUS,1966,55.790052356021,
AUS,1967,57.7117382829053,
AUS,1968,59.4116829044883,
AUS,1969,60.960523526054,
AUS,1970,62.6385224274406,
AUS,1971,63.4589935842931,
AUS,1972,63.1031190711088,
AUS,1973,62.9432137518685,
AUS,1974,62.1603803832981,
AUS,1975,62.1923414669258,
AUS,1976,62.3688234874938,
AUS,1977,62.3037415445321,
AUS,1978,62.2185750104471,
AUS,1979,62.1861650819898,
AUS,1980,62.070283147291,
AUS,1981,61.743231706745,
AUS,1982,61.4874744858932,
AUS,1983,61.4585585370214,
AUS,1984,61.53578146925,
AUS,1985,61.5316317539202,
AUS,1986,61.4603938607909,
AUS,1987,61.4301365099115,
AUS,1988,61.3322793071736,
AUS,1989,61.1990746511803,
AUS,1990,61.1992303837393,
AUS,1991,61.325728550901,
AUS,1992,61.2923034321616,
AUS,1993,61.3998746116204,
AUS,1994,61.4650286080658,
AUS,1995,61.4393362866805,
AUS,1996,61.3533824602531,
AUS,1997,60.823543914068,
AUS,1998,60.3519941116482,
AUS,1999,59.8279717954203,
AUS,2000,59.2808049608168,
AUS,2001,58.6600850513842,
AUS,2002,58.7386747821644,
AUS,2003,58.8117472485942,
AUS,2004,58.9355081558856,
AUS,2005,58.9718838089842,
AUS,2006,58.9343750314777,
AUS,2007,59.0290480593512,
AUS,2008,59.021142396944,
AUS,2009,58.9777643962864,
AUS,2010,59.2358346477243,
AUS,2011,59.5951776954224,
AUS,2012,59.6872496119707,
AUS,2013,59.792264216444,
AUS,2014,60.0378919704413,
AUS,2015,60.3172951623478,
AUS,2016,60.5264531834214,
AUS,2017,60.6859961220836,
AUS,2018,60.939012848403,
AUS,2019,60.9701799412398,
AUS,2020,61.1256283225146,
AUS,2021,61.9236241957108,
AUS,2022,61.9850991138265,
AUS,2023,61.3114546996799,
AUS,2024,60.8941010622599,
AUS,2025,60.7327166963655,
AUT,1960,23.0821567642265,
AUT,1961,22.9647944575864,
AUT,1962,22.8138292679916,
AUT,1963,22.6571881561541,
AUT,1964,22.496148495785,
AUT,1965,22.340060479537,
AUT,1966,22.1735641279388,
AUT,1967,21.9981895074392,
AUT,1968,21.8740370550326,
AUT,1969,21.7884829503343,
AUT,1970,21.7024017133323,
AUT,1971,21.5804530962143,
AUT,1972,21.3349697337067,
AUT,1973,21.0983355775651,
AUT,1974,20.9444011202471,
AUT,1975,20.882336137565,
AUT,1976,20.801847855899,
AUT,1977,20.6774720780928,
AUT,1978,20.578223174019,
AUT,1979,20.4977995012865,
AUT,1980,20.3827227819626,
AUT,1981,20.234121798827,
AUT,1982,20.2308116829105,
AUT,1983,20.2747321774525,
AUT,1984,20.2872497465428,
AUT,1985,20.2889364618701,
AUT,1986,20.2872627709552,
AUT,1987,20.2856499351912,
AUT,1988,20.2681707303729,
AUT,1989,20.1882206692323,
AUT,1990,20.0460545595447,
AUT,1991,19.8581772458182,
AUT,1992,19.6539114001043,
AUT,1993,19.5054589556586,
AUT,1994,19.4434482955017,
AUT,1995,19.4266229741838,
AUT,1996,19.4133396121657,
AUT,1997,19.4042299732142,
AUT,1998,19.3958496332296,
AUT,1999,19.3710239975256,
AUT,2000,19.3373804821679,
AUT,2001,19.3089209756471,
AUT,2002,19.4811108250143,
AUT,2003,19.6557795351874,
AUT,2004,19.8059928296324,
AUT,2005,19.9444470710317,
AUT,2006,20.0372225617245,
AUT,2007,20.1425064013722,
AUT,2008,20.3163469645362,
AUT,2009,20.5014956271021,
AUT,2010,20.693117300085,
AUT,2011,20.8663547770085,
AUT,2012,21.0163925441913,
AUT,2013,21.1385898031126,
AUT,2014,21.22102098251,
AUT,2015,21.2315851795834,
AUT,2016,21.2509162531986,
AUT,2017,21.3519966772628,
AUT,2018,21.4981334244893,
AUT,2019,21.5693159397832,
AUT,2020,21.6437527812469,
AUT,2021,21.7167718294642,
AUT,2022,21.6772317968965,
AUT,2023,21.6307785541036,
AUT,2024,21.6876324229008,
AUT,2025,21.779555813684,
AZE,1960,25.8132494543587,
AZE,1961,25.4446517950936,
AZE,1962,25.2911003682689,
AZE,1963,25.1425976173563,
AZE,1964,24.9027200540632,
AZE,1965,24.7456963920737,
AZE,1966,24.6219640410777,
AZE,1967,24.5675289735099,
AZE,1968,24.5665757300192,
AZE,1969,24.5858827247052,
AZE,1970,24.6381608839822,
AZE,1971,24.6803774406345,
AZE,1972,24.7453653469846,
AZE,1973,24.846338666521,
AZE,1974,24.9672333351209,
AZE,1975,25.1199233615454,
AZE,1976,25.294499221588,
AZE,1977,25.4612629017299,
AZE,1978,25.6158396291927,
AZE,1979,25.6547362179434,
AZE,1980,25.5545329112897,
AZE,1981,25.4265670568495,
AZE,1982,25.2955619696267,
AZE,1983,25.1618935570761,
AZE,1984,25.0134518906491,
AZE,1985,24.893353222941,
AZE,1986,24.7878675981862,
AZE,1987,24.6706567665646,
AZE,1988,24.5805064089697,
AZE,1989,24.4060170563339,
AZE,1990,24.1589363362694,
AZE,1991,23.9272619751626,
AZE,1992,23.6550280748573,
AZE,1993,23.3846933874153,
AZE,1994,23.1562617240721,
AZE,1995,22.9743326154707,
AZE,1996,22.8267551204431,
AZE,1997,22.6905878225369,
AZE,1998,22.5588525211677,
AZE,1999,22.4726566659359,
AZE,2000,22.4383992247099,
AZE,2001,22.4142543643357,
AZE,2002,22.3967474103488,
AZE,2003,22.3766896199949,
AZE,2004,22.330524288208,
AZE,2005,22.251362929509,
AZE,2006,22.2082255393627,
AZE,2007,22.2107023411371,
AZE,2008,22.1948330556633,
AZE,2009,22.3816543263662,
AZE,2010,22.7718952651615,
AZE,2011,22.9439898171629,
AZE,2012,22.9100633147242,
AZE,2013,22.8835248828132,
AZE,2014,22.8677287309313,
AZE,2015,22.8649811422355,
AZE,2016,22.8793709081503,
AZE,2017,22.9243295613075,
AZE,2018,22.9957913517323,
AZE,2019,23.0753461369756,
AZE,2020,23.1984041408005,
AZE,2021,23.3856230425883,
AZE,2022,23.6754660632735,
AZE,2023,23.9542452312684,
AZE,2024,24.1517500536616,
AZE,2025,24.3631889775306,
BEL,1960,25.1023735321034,
BEL,1961,25.1583850431209,
BEL,1962,25.19420149149,
BEL,1963,25.1380604686661,
BEL,1964,25.0324025739506,
BEL,1965,24.9363909359871,
BEL,1966,24.8988041004609,
BEL,1967,24.8908176617638,
BEL,1968,24.9236907558524,
BEL,1969,24.9837549782128,
BEL,1970,25.0904220982152,
BEL,1971,25.1665484357649,
BEL,1972,25.1802908316913,
BEL,1973,25.2131451119515,
BEL,1974,25.2462363719771,
BEL,1975,25.2858979460651,
BEL,1976,25.3537731405069,
BEL,1977,25.4355741672887,
BEL,1978,25.525558425836,
BEL,1979,25.6167561331394,
BEL,1980,25.7032437179248,
BEL,1981,25.8023495732115,
BEL,1982,25.8753510317205,
BEL,1983,25.943562592334,
BEL,1984,26.0103728200214,
BEL,1985,26.0690272610675,
BEL,1986,26.1263662915061,
BEL,1987,26.1708587658611,
BEL,1988,26.1545938137267,
BEL,1989,26.1263147789674,
BEL,1990,26.1151301661149,
BEL,1991,26.084818350488,
BEL,1992,26.045742635407,
BEL,1993,26.0104764997682,
BEL,1994,25.9967695450286,
BEL,1995,26.0170087022437,
BEL,1996,26.14236385528,
BEL,1997,26.2556396590004,
BEL,1998,26.3772115046857,
BEL,1999,26.4952472610403,
BEL,2000,26.6105596878429,
BEL,2001,26.6988315833169,
BEL,2002,26.7597554773471,
BEL,2003,26.8288291987005,
BEL,2004,26.8945797373166,
BEL,2005,26.9284295818809,
BEL,2006,26.9331087590603,
BEL,2007,26.9177183620844,
BEL,2008,26.8876588204284,
BEL,2009,26.853266148554,
BEL,2010,26.7899771522156,
BEL,2011,26.6235705179728,
BEL,2012,26.6392375500273,
BEL,2013,26.6941603617468,
BEL,2014,26.7568360121641,
BEL,2015,26.7833821586923,
BEL,2016,26.8298718377976,
BEL,2017,26.9085405231294,
BEL,2018,26.9686220087872,
BEL,2019,27.0049647575329,
BEL,2020,27.0679104681988,
BEL,2021,27.1297091063977,
BEL,2022,27.0735971356679,
BEL,2023,26.988298588126,
BEL,2024,26.9278355557692,
BEL,2025,26.8501239471734,
BFA,1960,1.23730256071783,
BFA,1961,1.30130126000779,
BFA,1962,1.36848554131251,
BFA,1963,1.43873496257126,
BFA,1964,1.51203876763595,
BFA,1965,1.58778675730419,
BFA,1966,1.66685980901245,
BFA,1967,1.74922855209611,
BFA,1968,1.83503474300951,
BFA,1969,1.94265484311496,
BFA,1970,2.05646610237164,
BFA,1971,2.17736548307034,
BFA,1972,2.30569320953831,
BFA,1973,2.43952606316012,
BFA,1974,2.5786468962825,
BFA,1975,2.72237692655422,
BFA,1976,2.90316186181811,
BFA,1977,3.11436124126461,
BFA,1978,3.33593587846671,
BFA,1979,3.56981760383021,
BFA,1980,3.8169806704184,
BFA,1981,4.07829058588953,
BFA,1982,4.35672230595446,
BFA,1983,4.65082771066419,
BFA,1984,4.96279329965457,
BFA,1985,5.29425551582607,
BFA,1986,5.4957638658247,
BFA,1987,5.58324363562064,
BFA,1988,5.67523095136827,
BFA,1989,5.76989017702264,
BFA,1990,5.86767235600407,
BFA,1991,5.9729960683931,
BFA,1992,6.08477792980261,
BFA,1993,6.19670567813307,
BFA,1994,6.30885760462625,
BFA,1995,6.42032202267472,
BFA,1996,6.53446687303666,
BFA,1997,6.76054439350652,
BFA,1998,7.07559624591572,
BFA,1999,7.39302222873438,
BFA,2000,7.72130684834053,
BFA,2001,8.05716079242287,
BFA,2002,8.40516250545998,
BFA,2003,8.76575727084023,
BFA,2004,9.14028357250784,
BFA,2005,9.52872006656846,
BFA,2006,9.93730427369919,
BFA,2007,10.220131102845,
BFA,2008,10.3994778377612,
BFA,2009,10.5826162665389,
BFA,2010,10.7689624787763,
BFA,2011,10.9552219349669,
BFA,2012,11.1386619615663,
BFA,2013,11.3255703781698,
BFA,2014,11.5195122883776,
BFA,2015,11.7181175521517,
BFA,2016,11.9245418740124,
BFA,2017,12.1433677314433,
BFA,2018,12.3854845376482,
BFA,2019,12.6549283196527,
BFA,2020,12.9446023011645,
BFA,2021,13.2511334382621,
BFA,2022,13.5758267412406,
BFA,2023,13.9145060735412,
BFA,2024,14.2637277063301,
BFA,2025,14.6246414267663,
BGD,1960,1.67439983977977,
BGD,1961,1.72413618459215,
BGD,1962,1.83395405044931,
BGD,1963,1.95097719997107,
BGD,1964,2.07608758539728,
BGD,1965,2.20911911901401,
BGD,1966,2.35177973480247,
BGD,1967,2.50333135577343,
BGD,1968,2.66549755874929,
BGD,1969,2.84092225395043,
BGD,1970,3.03659945668982,
BGD,1971,3.27382631964895,
BGD,1972,3.52457630051088,
BGD,1973,3.75883854075404,
BGD,1974,3.98014365840803,
BGD,1975,4.15884656208874,
BGD,1976,4.35011980041204,
BGD,1977,4.55202338263069,
BGD,1978,4.76653050963197,
BGD,1979,4.99321278278559,
BGD,1980,5.23253657907878,
BGD,1981,5.45718444565112,
BGD,1982,5.6475880435372,
BGD,1983,5.84941200336854,
BGD,1984,6.06682621553025,
BGD,1985,6.29897562511954,
BGD,1986,6.5492234992367,
BGD,1987,6.81802242738092,
BGD,1988,7.10758882199755,
BGD,1989,7.41532787324691,
BGD,1990,7.74275212926933,
BGD,1991,8.04424866792248,
BGD,1992,8.24873668623703,
BGD,1993,8.4593594845646,
BGD,1994,8.67672441991914,
BGD,1995,8.89940788922578,
BGD,1996,9.13121738809316,
BGD,1997,9.36564925368482,
BGD,1998,9.6034771230624,
BGD,1999,9.84631407628293,
BGD,2000,10.1033061942184,
BGD,2001,10.3269568741269,
BGD,2002,10.497212993557,
BGD,2003,10.680157134602,
BGD,2004,10.8774418056417,
BGD,2005,11.0890652938167,
BGD,2006,11.3170492026306,
BGD,2007,11.5601009959654,
BGD,2008,11.8185208123855,
BGD,2009,12.0902054548747,
BGD,2010,12.3760524509862,
BGD,2011,12.6651329664492,
BGD,2012,12.9550447639162,
BGD,2013,13.2547781353096,
BGD,2014,13.5656934331291,
BGD,2015,13.8868681995608,
BGD,2016,14.2164108817497,
BGD,2017,14.5603915234511,
BGD,2018,14.9177489617476,
BGD,2019,15.2796787373807,
BGD,2020,15.6500260039169,
BGD,2021,16.0288826738611,
BGD,2022,16.3715652877836,
BGD,2023,16.6733410319969,
BGD,2024,16.9675385384818,
BGD,2025,17.2502088502342,
BGR,1960,8.99996618948076,
BGR,1961,9.14699995644028,
BGR,1962,9.30446804458685,
BGR,1963,9.47080053650931,
BGR,1964,9.63989715557062,
BGR,1965,9.81958194907759,
BGR,1966,9.97111063776867,
BGR,1967,10.0986062232243,
BGR,1968,10.2195886710517,
BGR,1969,10.3356440916785,
BGR,1970,10.4651776402444,
BGR,1971,10.6074519747505,
BGR,1972,10.7610480166041,
BGR,1973,10.9102609950833,
BGR,1974,11.0455371139491,
BGR,1975,11.2032210103223,
BGR,1976,11.3691013825385,
BGR,1977,11.5269071531112,
BGR,1978,11.7349244931264,
BGR,1979,11.9439062581436,
BGR,1980,12.1244682777871,
BGR,1981,12.3156291835998,
BGR,1982,12.5148234524708,
BGR,1983,12.7231245479454,
BGR,1984,12.9372450458274,
BGR,1985,13.1852887998913,
BGR,1986,13.3125165840214,
BGR,1987,13.2878864840879,
BGR,1988,13.2678969511146,
BGR,1989,13.4189451087601,
BGR,1990,13.65797807345,
BGR,1991,13.7886746474055,
BGR,1992,13.9322265942434,
BGR,1993,13.9856612946193,
BGR,1994,13.9353978656711,
BGR,1995,13.9000200688384,
BGR,1996,13.874341042131,
BGR,1997,13.8618813031847,
BGR,1998,13.857401657255,
BGR,1999,13.8381565152661,
BGR,2000,13.8095746331901,
BGR,2001,13.9891513972408,
BGR,2002,14.4526825466518,
BGR,2003,14.7384540868828,
BGR,2004,14.9979136591826,
BGR,2005,15.2612387145429,
BGR,2006,15.4921930235171,
BGR,2007,15.7114764109971,
BGR,2008,15.9568670845656,
BGR,2009,16.1963762769088,
BGR,2010,16.4419812377605,
BGR,2011,16.6884630081836,
BGR,2012,16.9283323259267,
BGR,2013,17.3846247314073,
BGR,2014,17.6746345410777,
BGR,2015,17.9796756261432,
BGR,2016,18.2950474308685,
BGR,2017,18.620503543193,
BGR,2018,18.9607554869033,
BGR,2019,19.2986229141119,
BGR,2020,19.5546854868551,
BGR,2021,19.7364621676483,
BGR,2022,19.903630216221,
BGR,2023,19.981304862287,
BGR,2024,19.988446648651,
BGR,2025,19.9968849589216,
BLR,1960,6.71761405220786,
BLR,1961,7.02234109228921,
BLR,1962,7.33542003714591,
BLR,1963,7.65899290193751,
BLR,1964,7.99665752565864,
BLR,1965,8.35003484320558,
BLR,1966,8.71982232844125,
BLR,1967,9.10412072052056,
BLR,1968,9.50730808721387,
BLR,1969,9.93137063206784,
BLR,1970,10.3049336283186,
BLR,1971,10.6028955273918,
BLR,1972,10.9133800444185,
BLR,1973,11.2386888923648,
BLR,1974,11.584848604531,
BLR,1975,11.9560691790328,
BLR,1976,12.3472425884603,
BLR,1977,12.7394272429462,
BLR,1978,13.1313385826772,
BLR,1979,13.4552378964942,
BLR,1980,13.6856891009022,
BLR,1981,13.9082595262616,
BLR,1982,14.1370090016367,
BLR,1983,14.3687188865183,
BLR,1984,14.6053784056509,
BLR,1985,14.8486315789474,
BLR,1986,15.092552026287,
BLR,1987,15.3411828701414,
BLR,1988,15.6550986193294,
BLR,1989,15.8347689282203,
BLR,1990,15.8748528365112,
BLR,1991,15.9379638122238,
BLR,1992,15.9736680086175,
BLR,1993,16.0090926404305,
BLR,1994,16.0991712586982,
BLR,1995,16.2231745847072,
BLR,1996,16.3502408419097,
BLR,1997,16.4911099485413,
BLR,1998,16.6390901157997,
BLR,1999,16.8139129595288,
BLR,2000,17.0385015045678,
BLR,2001,17.2729066452711,
BLR,2002,17.5324067147613,
BLR,2003,17.8070500734478,
BLR,2004,18.0830277366856,
BLR,2005,18.3630029858499,
BLR,2006,18.6343483821423,
BLR,2007,18.8733487132507,
BLR,2008,19.0864700143839,
BLR,2009,19.2823819835126,
BLR,2010,19.5067797460859,
BLR,2011,19.7498151219614,
BLR,2012,19.9806263176369,
BLR,2013,20.1896897146532,
BLR,2014,20.3819542012687,
BLR,2015,20.5602724256734,
BLR,2016,20.7497978484122,
BLR,2017,20.9818935194871,
BLR,2018,21.2386657816658,
BLR,2019,21.4090107198083,
BLR,2020,21.6216884691947,
BLR,2021,21.9167252973233,
BLR,2022,22.199384898534,
BLR,2023,22.4143626628815,
BLR,2024,22.6083091736235,
BLR,2025,22.7926045711469,
BOL,1960,17.7969345192194,
BOL,1961,18.103617325499,
BOL,1962,18.4155616095739,
BOL,1963,18.7308529028186,
BOL,1964,19.0509759393248,
BOL,1965,19.3732730286369,
BOL,1966,19.7001583502994,
BOL,1967,20.0297164497183,
BOL,1968,20.3633949305345,
BOL,1969,20.7005341969845,
BOL,1970,21.0469476101359,
BOL,1971,21.4019344990203,
BOL,1972,21.7685021676833,
BOL,1973,22.1423567268136,
BOL,1974,22.5256671262674,
BOL,1975,22.9191836791896,
BOL,1976,23.3200025263978,
BOL,1977,23.719755069838,
BOL,1978,24.1338901765095,
BOL,1979,24.5661355863032,
BOL,1980,25.0205594818455,
BOL,1981,25.4944159491613,
BOL,1982,25.9943523590881,
BOL,1983,26.5187849850221,
BOL,1984,27.0665668237537,
BOL,1985,27.6352692448862,
BOL,1986,28.2286139337493,
BOL,1987,28.8399324463454,
BOL,1988,29.4708454733723,
BOL,1989,30.1204451710355,
BOL,1990,30.798517056182,
BOL,1991,31.5060157639346,
BOL,1992,32.2340604785571,
BOL,1993,32.751275036465,
BOL,1994,33.2979782646562,
BOL,1995,33.8732031641683,
BOL,1996,34.4771505818691,
BOL,1997,35.1078245326216,
BOL,1998,35.7700477085532,
BOL,1999,36.4559423703097,
BOL,2000,37.1716223624343,
BOL,2001,37.9131736636407,
BOL,2002,38.1493210102294,
BOL,2003,38.2705978543096,
BOL,2004,38.3919688727655,
BOL,2005,38.5120792619911,
BOL,2006,38.6279051962315,
BOL,2007,38.7433873358965,
BOL,2008,38.8706141130042,
BOL,2009,39.0066067475184,
BOL,2010,39.1539571680197,
BOL,2011,39.3120099674082,
BOL,2012,39.4825428043706,
BOL,2013,39.6635166244048,
BOL,2014,39.8585919589178,
BOL,2015,40.0673644913777,
BOL,2016,40.2898384797165,
BOL,2017,40.5267375533371,
BOL,2018,40.7780755707499,
BOL,2019,40.9798459240402,
BOL,2020,41.251427371633,
BOL,2021,41.6096021230825,
BOL,2022,41.9053859874603,
BOL,2023,42.1097357523698,
BOL,2024,42.3093267189304,
BOL,2025,42.5126907083485,
BRA,1960,21.3133490981656,
BRA,1961,21.7988078001865,
BRA,1962,22.3135769558921,
BRA,1963,22.8534590146674,
BRA,1964,23.4253124624372,
BRA,1965,24.0311582356175,
BRA,1966,24.6809382456631,
BRA,1967,25.3766982485292,
BRA,1968,26.1211980352043,
BRA,1969,26.9044601562089,
BRA,1970,27.7298594795437,
BRA,1971,28.3137352576789,
BRA,1972,28.8644478564801,
BRA,1973,29.4331654310969,
BRA,1974,30.0296361179155,
BRA,1975,30.6513188377968,
BRA,1976,31.2948588469079,
BRA,1977,31.9545494509108,
BRA,1978,32.6387478745632,
BRA,1979,33.3495735766185,
BRA,1980,34.0926661272114,
BRA,1981,34.27643506822,
BRA,1982,34.3642064365639,
BRA,1983,34.4728333892583,
BRA,1984,34.6044271870141,
BRA,1985,34.7584497562808,
BRA,1986,34.9440989379727,
BRA,1987,35.1635042638903,
BRA,1988,35.4160183588603,
BRA,1989,35.6967277087048,
BRA,1990,36.0070976875698,
BRA,1991,36.3511546894651,
BRA,1992,36.5716649543897,
BRA,1993,36.7809168553068,
BRA,1994,37.0167631174421,
BRA,1995,37.2665556592045,
BRA,1996,37.5319666931602,
BRA,1997,37.8108818657565,
BRA,1998,38.0961352752818,
BRA,1999,38.3991386048073,
BRA,2000,38.7409341278292,
BRA,2001,38.8370730516229,
BRA,2002,38.9336378442899,
BRA,2003,39.0553760333807,
BRA,2004,39.1990567649371,
BRA,2005,39.3560817434579,
BRA,2006,39.5304587109309,
BRA,2007,39.7251961683632,
BRA,2008,39.9453279009018,
BRA,2009,40.1911691449776,
BRA,2010,40.4626290531159,
BRA,2011,40.7116620800477,
BRA,2012,40.961515640666,
BRA,2013,41.2127232106115,
BRA,2014,41.469023332254,
BRA,2015,41.7340205652712,
BRA,2016,42.0150592481141,
BRA,2017,42.3116254833914,
BRA,2018,42.6304296965064,
BRA,2019,42.834001297599,
BRA,2020,43.05981905316,
BRA,2021,43.3358385075804,
BRA,2022,43.6221258395756,
BRA,2023,43.8732652097644,
BRA,2024,44.0995746702503,
BRA,2025,44.3149947015542,
CAN,1960,30.0983519452067,
CAN,1961,30.7780088665098,
CAN,1962,31.309154399914,
CAN,1963,31.8537913942206,
CAN,1964,32.407637774903,
CAN,1965,32.9985313548125,
CAN,1966,33.5827813248204,
CAN,1967,34.1182637664119,
CAN,1968,34.7304569996143,
CAN,1969,35.4421485638197,
CAN,1970,36.158455261677,
CAN,1971,36.260465333991,
CAN,1972,36.3068543490159,
CAN,1973,36.3319225510728,
CAN,1974,36.2970635395024,
CAN,1975,36.2416425505898,
CAN,1976,36.2438916344219,
CAN,1977,36.3292634112095,
CAN,1978,36.4838832271295,
CAN,1979,36.6459842396832,
CAN,1980,36.7040839639403,
CAN,1981,36.7966086910451,
CAN,1982,37.0348906327848,
CAN,1983,37.3531795993062,
CAN,1984,37.6953841584192,
CAN,1985,38.0537878554527,
CAN,1986,38.4027863611261,
CAN,1987,38.7952311905791,
CAN,1988,39.2022849424489,
CAN,1989,39.4153511002636,
CAN,1990,39.7454701933882,
CAN,1991,40.1596865902783,
CAN,1992,40.2782230640129,
CAN,1993,40.4317114130693,
CAN,1994,40.5901168535354,
CAN,1995,40.7758248146366,
CAN,1996,40.963031748027,
CAN,1997,41.1862483008397,
CAN,1998,41.4809591707532,
CAN,1999,41.7863935098009,
CAN,2000,42.0466483932434,
CAN,2001,42.2473719695992,
CAN,2002,42.4844939438664,
CAN,2003,42.8027706188845,
CAN,2004,43.1106772397604,
CAN,2005,43.4128565780344,
CAN,2006,43.6911045904889,
CAN,2007,44.0012714325441,
CAN,2008,44.2652001374668,
CAN,2009,44.5022577860307,
CAN,2010,44.7572365526431,
CAN,2011,45.0541758067255,
CAN,2012,45.1765377601355,
CAN,2013,45.3129005017874,
CAN,2014,45.4757633515725,
CAN,2015,45.7510339453589,
CAN,2016,45.8599466757912,
CAN,2017,45.9414408097398,
CAN,2018,45.9154734680203,
CAN,2019,45.7520801935325,
CAN,2020,45.7553278663306,
CAN,2021,45.9939684931934,
CAN,2022,45.6332753891566,
CAN,2023,44.8406041106354,
CAN,2024,43.9620991825255,
CAN,2025,43.9809627723538,
CHE,1960,10.0504577194417,
CHE,1961,10.0560072752781,
CHE,1962,10.0945761565463,
CHE,1963,10.1736190930952,
CHE,1964,10.3033945113234,
CHE,1965,10.4862278860037,
CHE,1966,10.6844336990761,
CHE,1967,10.8653097532705,
CHE,1968,11.0474554337927,
CHE,1969,11.2467971788611,
CHE,1970,11.4964268015688,
CHE,1971,11.5646363608711,
CHE,1972,11.4556786535475,
CHE,1973,11.3505725941509,
CHE,1974,11.2688749575212,
CHE,1975,11.2531063484992,
CHE,1976,11.2968115529954,
CHE,1977,11.3143816745086,
CHE,1978,11.2925913178805,
CHE,1979,11.2492364201949,
CHE,1980,11.1840539493573,
CHE,1981,11.3541485352547,
CHE,1982,11.7126084812986,
CHE,1983,12.1011913024499,
CHE,1984,12.5120132135647,
CHE,1985,12.9248349977165,
CHE,1986,13.3413969352368,
CHE,1987,13.7565686483916,
CHE,1988,14.1702457584009,
CHE,1989,14.5841256812186,
CHE,1990,14.9781275281925,
CHE,1991,15.1171077318191,
CHE,1992,15.1078255638538,
CHE,1993,15.1270958950112,
CHE,1994,15.1638273641135,
CHE,1995,15.2202476832161,
CHE,1996,15.3117501078219,
CHE,1997,15.4343279484874,
CHE,1998,15.5493508369408,
CHE,1999,15.637099766783,
CHE,2000,15.7122037791001,
CHE,2001,15.7796409166769,
CHE,2002,15.8307357847274,
CHE,2003,15.8843145000253,
CHE,2004,15.9470067831588,
CHE,2005,16.0169635671897,
CHE,2006,16.0895593146599,
CHE,2007,16.1195224494601,
CHE,2008,16.0890335951776,
CHE,2009,16.0615204541525,
CHE,2010,16.0676628955046,
CHE,2011,16.0625009004855,
CHE,2012,16.0656287510812,
CHE,2013,16.0541408415464,
CHE,2014,16.0316311030061,
CHE,2015,16.0222476684283,
CHE,2016,16.0205284917437,
CHE,2017,16.0442814819022,
CHE,2018,16.0996715067036,
CHE,2019,16.1288261141327,
CHE,2020,16.1533806882872,
CHE,2021,16.1705389344832,
CHE,2022,16.1741684713654,
CHE,2023,16.1049236895508,
CHE,2024,16.0272706416976,
CHE,2025,16.0033900706037,
CHL,1960,24.2836012191308,
CHL,1961,24.5895818302946,
CHL,1962,24.7857052657867,
CHL,1963,24.9912804216401,
CHL,1964,25.2116109369213,
CHL,1965,25.4471072584766,
CHL,1966,25.6995474269424,
CHL,1967,25.9676311932295,
CHL,1968,26.2519028418715,
CHL,1969,26.5458382307458,
CHL,1970,26.8823618555126,
CHL,1971,27.3569210508885,
CHL,1972,27.846964788468,
CHL,1973,28.3486496894403,
CHL,1974,28.8687590884174,
CHL,1975,29.4049163763233,
CHL,1976,29.9570382712118,
CHL,1977,30.5222861366193,
CHL,1978,31.107105313445,
CHL,1979,31.7104857158151,
CHL,1980,32.3293551316195,
CHL,1981,32.9603756988032,
CHL,1982,33.5091501301158,
CHL,1983,33.6460798969711,
CHL,1984,33.7759844518225,
CHL,1985,33.8958622455623,
CHL,1986,34.0083584652338,
CHL,1987,34.1090292138872,
CHL,1988,34.1981921660529,
CHL,1989,34.2783373899594,
CHL,1990,34.3518533953861,
CHL,1991,34.4270089546628,
CHL,1992,34.5331010084067,
CHL,1993,34.7101843702392,
CHL,1994,34.9065565745681,
CHL,1995,35.1187870683642,
CHL,1996,35.3514710080313,
CHL,1997,35.6104035015323,
CHL,1998,35.885755753365,
CHL,1999,36.1783586509395,
CHL,2000,36.4970086047562,
CHL,2001,36.8312204485009,
CHL,2002,37.1018276350784,
CHL,2003,37.0081858365109,
CHL,2004,36.9288879284665,
CHL,2005,36.8551888098303,
CHL,2006,36.7879415077477,
CHL,2007,36.7199487559098,
CHL,2008,36.6450228481664,
CHL,2009,36.565898661184,
CHL,2010,36.4889161948016,
CHL,2011,36.4186319172587,
CHL,2012,36.3587118735822,
CHL,2013,36.3002081867332,
CHL,2014,36.2265861965792,
CHL,2015,36.1441685540341,
CHL,2016,35.9942598822229,
CHL,2017,35.7109711648361,
CHL,2018,35.3586167630444,
CHL,2019,35.0224276352471,
CHL,2020,34.9354930434869,
CHL,2021,35.0096528976117,
CHL,2022,35.0684108595719,
CHL,2023,35.1159771166501,
CHL,2024,35.168391275568,
CHL,2025,35.2441331463504,
CHN,1960,8.12274019218373,
CHN,1961,8.44078566777217,
CHN,1962,8.52879733241209,
CHN,1963,8.47429781558912,
CHN,1964,8.44938161823142,
CHN,1965,8.44599411341122,
CHN,1966,8.36082458525972,
CHN,1967,8.24952912331853,
CHN,1968,8.13405275593601,
CHN,1969,8.00692968185673,
CHN,1970,7.87981131960187,
CHN,1971,7.78964885478032,
CHN,1972,7.75438650627008,
CHN,1973,7.73455620563757,
CHN,1974,7.73407919142556,
CHN,1975,7.75914218213762,
CHN,1976,7.800977344644,
CHN,1977,7.87504788251692,
CHN,1978,7.96958432906454,
CHN,1979,8.08101083069747,
CHN,1980,8.20299948534245,
CHN,1981,8.33698445997273,
CHN,1982,8.46203791281243,
CHN,1983,8.6582333799142,
CHN,1984,8.87601678200275,
CHN,1985,9.09980124448166,
CHN,1986,9.32456331611657,
CHN,1987,9.54976306115577,
CHN,1988,9.78715521545347,
CHN,1989,10.0457983283422,
CHN,1990,10.3288791694746,
CHN,1991,10.7738245364014,
CHN,1992,11.2657590324214,
CHN,1993,11.7997874308408,
CHN,1994,12.3764950685288,
CHN,1995,13.0027277971208,
CHN,1996,13.6846326639563,
CHN,1997,14.4231628965713,
CHN,1998,15.2348891045022,
CHN,1999,16.1326560685221,
CHN,2000,17.1269473209018,
CHN,2001,17.7922191296143,
CHN,2002,18.2966462043112,
CHN,2003,18.8280167649798,
CHN,2004,19.3852683679571,
CHN,2005,19.9622812413708,
CHN,2006,20.5677715061555,
CHN,2007,21.2019417475728,
CHN,2008,21.8633839754502,
CHN,2009,22.5512588074456,
CHN,2010,23.2701013302634,
CHN,2011,23.8570343522659,
CHN,2012,24.356355016652,
CHN,2013,24.870916419706,
CHN,2014,25.4053428921318,
CHN,2015,25.9626321510878,
CHN,2016,26.5254622817573,
CHN,2017,27.0795983426621,
CHN,2018,27.68816041233,
CHN,2019,28.3415047469535,
CHN,2020,29.0349980865991,
CHN,2021,29.7699843524314,
CHN,2022,30.5230098252695,
CHN,2023,31.2803562036138,
CHN,2024,32.0103496513423,
CHN,2025,32.7149816043822,
CIV,1960,5.22227660326225,
CIV,1961,5.47503235436076,
CIV,1962,5.7331184534308,
CIV,1963,5.9994246194305,
CIV,1964,6.47070907675145,
CIV,1965,6.97655782028405,
CIV,1966,7.52302264484456,
CIV,1967,8.11197430529628,
CIV,1968,8.74689705714665,
CIV,1969,9.4206121041458,
CIV,1970,10.1310027206537,
CIV,1971,10.8743824842484,
CIV,1972,11.65641462297,
CIV,1973,12.481632816724,
CIV,1974,13.3651742639893,
CIV,1975,14.25594244172,
CIV,1976,14.9920982811176,
CIV,1977,15.825565593865,
CIV,1978,16.6913757886555,
CIV,1979,16.7675554369398,
CIV,1980,16.8296330464726,
CIV,1981,16.8808367252585,
CIV,1982,16.9299150779709,
CIV,1983,16.980895838384,
CIV,1984,17.0365190835392,
CIV,1985,17.0957413104529,
CIV,1986,17.1648812072733,
CIV,1987,17.2435820936785,
CIV,1988,17.2991157842232,
CIV,1989,17.2768648807216,
CIV,1990,17.244358346805,
CIV,1991,17.2048120959928,
CIV,1992,17.1632181365438,
CIV,1993,17.1222363853802,
CIV,1994,17.0895544900642,
CIV,1995,17.0626899751036,
CIV,1996,17.0414119336535,
CIV,1997,17.0237742854348,
CIV,1998,17.0190461468075,
CIV,1999,16.997229601529,
CIV,2000,16.9924703107587,
CIV,2001,17.0020506726667,
CIV,2002,17.0278423680462,
CIV,2003,17.069314950656,
CIV,2004,17.1230517989283,
CIV,2005,17.1821023817575,
CIV,2006,17.2475064489355,
CIV,2007,17.3180901809643,
CIV,2008,17.3987246425528,
CIV,2009,17.4875647446988,
CIV,2010,17.5808367683035,
CIV,2011,17.6800757114263,
CIV,2012,17.7954707441634,
CIV,2013,17.9271943867476,
CIV,2014,17.9829615008035,
CIV,2015,17.9553734952969,
CIV,2016,17.9257278110061,
CIV,2017,17.9101686087337,
CIV,2018,17.9170732721499,
CIV,2019,17.9425686701267,
CIV,2020,17.9930181959132,
CIV,2021,18.0663754899841,
CIV,2022,18.1470295675585,
CIV,2023,18.2455660965754,
CIV,2024,18.3712085746235,
CIV,2025,18.5160212691867,
CMR,1960,4.42071099427667,
CMR,1961,4.64806853928016,
CMR,1962,4.87228909343613,
CMR,1963,5.04429204656433,
CMR,1964,5.22181032533998,
CMR,1965,5.551576370724,
CMR,1966,5.90038707997454,
CMR,1967,6.26750994342279,
CMR,1968,6.65365843147325,
CMR,1969,7.05539398503564,
CMR,1970,7.45839440118466,
CMR,1971,7.8804022940616,
CMR,1972,8.32408777482521,
CMR,1973,8.78856482950436,
CMR,1974,9.27836656642455,
CMR,1975,9.79481203495414,
CMR,1976,10.2962347008316,
CMR,1977,10.6296144898846,
CMR,1978,10.9592193932017,
CMR,1979,11.2908924065988,
CMR,1980,11.581668657726,
CMR,1981,11.8482229151498,
CMR,1982,12.2604328119798,
CMR,1983,12.729891072517,
CMR,1984,13.1226465892946,
CMR,1985,13.498816295882,
CMR,1986,13.8830568583056,
CMR,1987,14.2464541374977,
CMR,1988,14.539921879036,
CMR,1989,14.8457407674176,
CMR,1990,15.1568843171808,
CMR,1991,15.4796017546657,
CMR,1992,15.8186753296359,
CMR,1993,16.166225388527,
CMR,1994,16.5294453645179,
CMR,1995,16.9117685348014,
CMR,1996,17.3138134369486,
CMR,1997,17.730417835977,
CMR,1998,18.1593243057902,
CMR,1999,18.5980926861979,
CMR,2000,19.0530430210471,
CMR,2001,19.5180766962191,
CMR,2002,19.9853066936767,
CMR,2003,20.4547119676937,
CMR,2004,20.9328721066396,
CMR,2005,21.417903113831,
CMR,2006,21.91774811832,
CMR,2007,22.4167939804196,
CMR,2008,22.9147957775082,
CMR,2009,23.4237003775353,
CMR,2010,23.9462792122011,
CMR,2011,24.488204605862,
CMR,2012,25.0467802514896,
CMR,2013,25.6196601723098,
CMR,2014,26.149451404864,
CMR,2015,26.6605132253009,
CMR,2016,27.2229520382332,
CMR,2017,27.8407935876597,
CMR,2018,28.4916950609043,
CMR,2019,28.8501395450774,
CMR,2020,29.2082221217877,
CMR,2021,29.5645770035531,
CMR,2022,29.9040403874081,
CMR,2023,30.2138708258404,
CMR,2024,30.5073276293048,
CMR,2025,30.7927615662958,
COD,1960,6.4211129283584,
COD,1961,6.75004951356672,
COD,1962,7.09689964819003,
COD,1963,7.46100023389228,
COD,1964,7.84566997734694,
COD,1965,8.24562959804111,
COD,1966,8.66125445845787,
COD,1967,9.09533568668037,
COD,1968,9.45689631004615,
COD,1969,9.77560295639675,
COD,1970,10.1101252413664,
COD,1971,10.3670404036729,
COD,1972,10.6428354969799,
COD,1973,10.9239765224544,
COD,1974,11.2164578441437,
COD,1975,11.5219641319501,
COD,1976,11.8471271901057,
COD,1977,12.1893126605278,
COD,1978,12.473267682401,
COD,1979,12.7141913583542,
COD,1980,13.0129314409714,
COD,1981,13.3491572794182,
COD,1982,13.6859411275032,
COD,1983,14.0103455739218,
COD,1984,14.3218264153434,
COD,1985,14.557501313937,
COD,1986,14.8232231411209,
COD,1987,15.0937190004812,
COD,1988,15.3631186939312,
COD,1989,15.6423280658258,
COD,1990,15.9032247872871,
COD,1991,16.167235105311,
COD,1992,16.4292252830884,
COD,1993,16.6610611443195,
COD,1994,16.7031757147768,
COD,1995,16.8436509366854,
COD,1996,17.3699277227341,
COD,1997,17.9673400130202,
COD,1998,18.3152992963702,
COD,1999,18.4777060465209,
COD,2000,18.6707653893856,
COD,2001,18.8713766801708,
COD,2002,19.0964631340152,
COD,2003,19.3503880023418,
COD,2004,19.604310283104,
COD,2005,19.8363800673897,
COD,2006,20.069015546216,
COD,2007,20.3161214891342,
COD,2008,20.5682783454446,
COD,2009,20.8079742282891,
COD,2010,21.0302043500464,
COD,2011,21.2351832186484,
COD,2012,21.4296865216061,
COD,2013,21.6123878545277,
COD,2014,21.7991074909887,
COD,2015,22.0069539619602,
COD,2016,22.1638572823768,
COD,2017,22.296095979167,
COD,2018,22.4987274514367,
COD,2019,22.7458900913056,
COD,2020,22.9874720905818,
COD,2021,23.2316914921484,
COD,2022,23.4847617753682,
COD,2023,23.7329991887398,
COD,2024,23.98633225614,
COD,2025,24.2488658384719,
COG,1960,17.7971330479251,
COG,1961,18.6128778510295,
COG,1962,19.4714218339434,
COG,1963,20.1587036403697,
COG,1964,20.8612242257511,
COG,1965,21.5739146272809,
COG,1966,22.3019249372653,
COG,1967,23.0461464106653,
COG,1968,23.8069484754872,
COG,1969,24.5766423680597,
COG,1970,25.3635776932224,
COG,1971,26.1642467691714,
COG,1972,26.9811391836218,
COG,1973,27.8135595430598,
COG,1974,28.6918228579771,
COG,1975,29.7209274310524,
COG,1976,30.8972694147461,
COG,1977,32.1307262726872,
COG,1978,33.4320506564597,
COG,1979,34.8068015861123,
COG,1980,36.2596740815261,
COG,1981,37.7792004210168,
COG,1982,39.387206021681,
COG,1983,41.0991318864946,
COG,1984,42.7078290476553,
COG,1985,43.518681733842,
COG,1986,43.7576216564919,
COG,1987,44.0030172115707,
COG,1988,44.2631046696265,
COG,1989,44.5238027315503,
COG,1990,44.8041217192593,
COG,1991,45.0915369693891,
COG,1992,45.3906285659852,
COG,1993,45.6275692413927,
COG,1994,45.8666648710283,
COG,1995,46.1751594221558,
COG,1996,46.5324741711874,
COG,1997,47.5336079078571,
COG,1998,48.5295527429819,
COG,1999,49.2982563733277,
COG,2000,49.518824501919,
COG,2001,49.7635320853515,
COG,2002,50.723161923032,
COG,2003,51.4781239398181,
COG,2004,51.9232074454629,
COG,2005,52.2686305271112,
COG,2006,52.5458193275723,
COG,2007,52.8692628685846,
COG,2008,53.3921216321702,
COG,2009,53.540311766345,
COG,2010,53.6103211579705,
COG,2011,54.1613771236629,
COG,2012,54.9672077545381,
COG,2013,55.9893261389154,
COG,2014,57.0389559233744,
COG,2015,58.1081497282731,
COG,2016,59.1942688379745,
COG,2017,60.2955964770022,
COG,2018,61.4121746057626,
COG,2019,62.0224186576331,
COG,2020,62.6195354567896,
COG,2021,63.1950670914328,
COG,2022,63.7507655211907,
COG,2023,64.2761429332747,
COG,2024,64.8027676153382,
COG,2025,65.3427275182101,
COL,1960,21.0946745619003,
COL,1961,21.8002842213298,
COL,1962,22.5342337795783,
COL,1963,23.301573237026,
COL,1964,24.1091620533195,
COL,1965,24.6412608254146,
COL,1966,25.1943463955555,
COL,1967,25.7829771832649,
COL,1968,26.4110885750022,
COL,1969,27.0795372862785,
COL,1970,27.7938621498149,
COL,1971,28.5629324995769,
COL,1972,29.3825866265058,
COL,1973,30.231542817603,
COL,1974,30.627965465957,
COL,1975,30.8139331659973,
COL,1976,31.0135375569863,
COL,1977,31.2005570009774,
COL,1978,31.3774559437814,
COL,1979,31.5609618984069,
COL,1980,31.733998485625,
COL,1981,31.8982998223317,
COL,1982,32.0625754366644,
COL,1983,32.2163436677342,
COL,1984,32.3846258853481,
COL,1985,32.6005766615064,
COL,1986,32.7936753943691,
COL,1987,32.968405644597,
COL,1988,33.1485393564207,
COL,1989,33.3265295159323,
COL,1990,33.5028479748301,
COL,1991,33.700772352187,
COL,1992,33.9115621000605,
COL,1993,34.1168044700063,
COL,1994,34.330954089698,
COL,1995,34.5671465911339,
COL,1996,34.8374210444112,
COL,1997,35.1188994715654,
COL,1998,35.4037007406165,
COL,1999,35.7102559434421,
COL,2000,36.0573901199219,
COL,2001,36.4298082396998,
COL,2002,36.8203963428848,
COL,2003,37.2267467016554,
COL,2004,37.6541959206725,
COL,2005,38.0990832034682,
COL,2006,38.4869964885408,
COL,2007,38.902582408562,
COL,2008,39.3498767151061,
COL,2009,39.8160434487699,
COL,2010,40.3016893441075,
COL,2011,40.8206375776868,
COL,2012,41.3769328378957,
COL,2013,41.9618598572911,
COL,2014,42.5813214348353,
COL,2015,43.2229868720292,
COL,2016,43.8217480714419,
COL,2017,44.2226953653521,
COL,2018,44.4557304194957,
COL,2019,44.310228112796,
COL,2020,44.2970439046244,
COL,2021,44.4037004407249,
COL,2022,44.4897675098956,
COL,2023,44.5183145050017,
COL,2024,44.5340266639247,
COL,2025,44.5448519236131,
CRI,1960,17.3101839854885,
CRI,1961,17.4288057361821,
CRI,1962,17.5593324681957,
CRI,1963,17.7081055396719,
CRI,1964,17.8849513677019,
CRI,1965,18.0836308983437,
CRI,1966,18.3093260794718,
CRI,1967,18.561925466537,
CRI,1968,18.8496382486718,
CRI,1969,19.1624992455049,
CRI,1970,19.4953204248731,
CRI,1971,19.8492591362953,
CRI,1972,20.2236246342057,
CRI,1973,20.5881983138724,
CRI,1974,20.8021697914782,
CRI,1975,21.0138102631075,
CRI,1976,21.2227636613536,
CRI,1977,21.424382943504,
CRI,1978,21.6222494049485,
CRI,1979,21.8135904302189,
CRI,1980,22.0033773481751,
CRI,1981,22.1918419367615,
CRI,1982,22.3799373100349,
CRI,1983,22.5671858268087,
CRI,1984,22.7525167800959,
CRI,1985,22.8820297210614,
CRI,1986,23.0218769167859,
CRI,1987,23.1778349562122,
CRI,1988,23.352457781957,
CRI,1989,23.5389856256614,
CRI,1990,23.7263534746706,
CRI,1991,23.9107719250909,
CRI,1992,24.1011211664857,
CRI,1993,24.2980263310283,
CRI,1994,24.5089857733224,
CRI,1995,24.7337897745402,
CRI,1996,24.9773902442462,
CRI,1997,25.2423811583346,
CRI,1998,25.5346911498721,
CRI,1999,25.8547614368449,
CRI,2000,26.208745678675,
CRI,2001,26.1380357485395,
CRI,2002,26.1047352543916,
CRI,2003,26.1016762411375,
CRI,2004,26.1163245063544,
CRI,2005,26.136265500183,
CRI,2006,26.1685727112423,
CRI,2007,26.2131276585253,
CRI,2008,26.2577318844627,
CRI,2009,26.3065106801627,
CRI,2010,26.3812121347808,
CRI,2011,26.4733451298561,
CRI,2012,26.5686649939729,
CRI,2013,26.6774763382057,
CRI,2014,26.797547952967,
CRI,2015,26.9215601869475,
CRI,2016,27.0606028603258,
CRI,2017,27.2173585441762,
CRI,2018,27.3859387335316,
CRI,2019,27.5733850606244,
CRI,2020,27.8017487962625,
CRI,2021,28.073841281837,
CRI,2022,28.3626653337964,
CRI,2023,28.6354292653547,
CRI,2024,28.8983627393073,
CRI,2025,29.1606749531822,
CUB,1960,19.8327567762781,
CUB,1961,19.8540377795559,
CUB,1962,19.8709922613391,
CUB,1963,19.8792468117263,
CUB,1964,19.8871347898937,
CUB,1965,19.9015116432404,
CUB,1966,19.9300294747634,
CUB,1967,19.9747863695545,
CUB,1968,20.0328643606539,
CUB,1969,20.0962310653264,
CUB,1970,20.1656161303987,
CUB,1971,20.0103128548176,
CUB,1972,19.8309909664638,
CUB,1973,19.6862499092415,
CUB,1974,19.5729377162788,
CUB,1975,19.490732116097,
CUB,1976,19.4399117690264,
CUB,1977,19.4193983690628,
CUB,1978,19.4276244390948,
CUB,1979,19.46089228549,
CUB,1980,19.5147048444455,
CUB,1981,19.5625180215487,
CUB,1982,19.6223504014706,
CUB,1983,19.6656379434905,
CUB,1984,19.702810370267,
CUB,1985,19.7376095131467,
CUB,1986,19.7681293705628,
CUB,1987,19.7923203702403,
CUB,1988,19.8066730345355,
CUB,1989,19.8157775340415,
CUB,1990,19.830895975366,
CUB,1991,19.8039680377397,
CUB,1992,19.7433737188365,
CUB,1993,19.707046313215,
CUB,1994,19.6898940393372,
CUB,1995,19.6832654149126,
CUB,1996,19.6818101789727,
CUB,1997,19.6816965804668,
CUB,1998,19.6803686403415,
CUB,1999,19.6779329909151,
CUB,2000,19.676942588285,
CUB,2001,19.6792715664172,
CUB,2002,19.6849487064007,
CUB,2003,19.5857345582714,
CUB,2004,19.4671901409729,
CUB,2005,19.3592590099901,
CUB,2006,19.265242429213,
CUB,2007,19.1840774280978,
CUB,2008,19.110330168135,
CUB,2009,19.0396325928958,
CUB,2010,18.9695531072656,
CUB,2011,18.8972754318846,
CUB,2012,18.8294527864958,
CUB,2013,18.7730275185346,
CUB,2014,18.7798799816583,
CUB,2015,18.8353415257473,
CUB,2016,18.8889249869426,
CUB,2017,18.9566004248464,
CUB,2018,19.0295318887715,
CUB,2019,19.0881763437612,
CUB,2020,19.1513529367448,
CUB,2021,19.2666213997127,
CUB,2022,19.4007768661696,
CUB,2023,19.5003943309627,
CUB,2024,19.6043765163665,
CUB,2025,19.7157353667112,
CZE,1960,10.4231344991869,
CZE,1961,10.512889224819,
CZE,1962,10.5480401385607,
CZE,1963,10.5747110985416,
CZE,1964,10.5897076051286,
CZE,1965,10.6109010427883,
CZE,1966,10.6432312667498,
CZE,1967,10.686499475941,
CZE,1968,10.7393058120888,
CZE,1969,10.7957092248029,
CZE,1970,10.9172474006324,
CZE,1971,11.0441073735488,
CZE,1972,11.0997653743066,
CZE,1973,11.1400762688684,
CZE,1974,11.1680790800663,
CZE,1975,11.1922211993295,
CZE,1976,11.2202532525626,
CZE,1977,11.2557433647908,
CZE,1978,11.2979391527009,
CZE,1979,11.3462330873025,
CZE,1980,11.4376060308653,
CZE,1981,11.4965345192329,
CZE,1982,11.5103735147835,
CZE,1983,11.5300523370338,
CZE,1984,11.5528111569432,
CZE,1985,11.5749186572118,
CZE,1986,11.5991265710954,
CZE,1987,11.623417778404,
CZE,1988,11.6445761561546,
CZE,1989,11.6681311231622,
CZE,1990,11.7296850829184,
CZE,1991,11.7636399511164,
CZE,1992,11.7071673629629,
CZE,1993,11.6508895817027,
CZE,1994,11.6026893662385,
CZE,1995,11.5659507905926,
CZE,1996,11.5356199627328,
CZE,1997,11.50449271268,
CZE,1998,11.4718982885116,
CZE,1999,11.4402471445547,
CZE,2000,11.4289790321132,
CZE,2001,11.465198077052,
CZE,2002,11.5535422670933,
CZE,2003,11.6234474442706,
CZE,2004,11.686968678647,
CZE,2005,11.7379849765199,
CZE,2006,11.773710177016,
CZE,2007,11.7726599570359,
CZE,2008,11.74280807846,
CZE,2009,11.7432929500908,
CZE,2010,11.7766060331799,
CZE,2011,11.820013323059,
CZE,2012,11.8716061645253,
CZE,2013,11.9359666556087,
CZE,2014,11.9921271954264,
CZE,2015,12.0375582954732,
CZE,2016,12.0837959662823,
CZE,2017,12.1210959939546,
CZE,2018,12.1501481477579,
CZE,2019,12.1703506508231,
CZE,2020,12.2055929327161,
CZE,2021,12.4902672549909,
CZE,2022,12.3507348775566,
CZE,2023,12.1809083580494,
CZE,2024,12.1773827632538,
CZE,2025,12.2343154759335,
DEU,1960,9.50296161911916,
DEU,1961,9.51314972933441,
DEU,1962,9.45199445641805,
DEU,1963,9.38744125911122,
DEU,1964,9.33520080242876,
DEU,1965,9.27931165012444,
DEU,1966,9.2260865624945,
DEU,1967,9.2084379145802,
DEU,1968,9.19260115304212,
DEU,1969,9.14541661202006,
DEU,1970,9.13632718342878,
DEU,1971,9.09652467982199,
DEU,1972,9.0305639765286,
DEU,1973,8.98020065858875,
DEU,1974,8.9551486370337,
DEU,1975,8.96740599770032,
DEU,1976,8.98506898724038,
DEU,1977,8.98502010252993,
DEU,1978,8.97282839611114,
DEU,1979,8.94930839595092,
DEU,1980,8.91167186384895,
DEU,1981,8.87934044713118,
DEU,1982,8.85322992503603,
DEU,1983,8.82456624350194,
DEU,1984,8.79872039965741,
DEU,1985,8.79563515537961,
DEU,1986,8.82251355357811,
DEU,1987,9.09141479076546,
DEU,1988,8.98199145356381,
DEU,1989,9.07517151180889,
DEU,1990,9.10016663219528,
DEU,1991,9.10405862501683,
DEU,1992,9.09901467043594,
DEU,1993,9.09855706569798,
DEU,1994,9.07606573748279,
DEU,1995,9.03983250041067,
DEU,1996,8.99349593970352,
DEU,1997,8.93378613807552,
DEU,1998,8.86753776286928,
DEU,1999,8.82996290278946,
DEU,2000,8.83031241806196,
DEU,2001,8.85699774468526,
DEU,2002,8.87187237444446,
DEU,2003,8.88169889767846,
DEU,2004,8.89395859676626,
DEU,2005,8.92645155194613,
DEU,2006,8.9984952131526,
DEU,2007,9.07525252237937,
DEU,2008,9.14612486695759,
DEU,2009,9.21843996409039,
DEU,2010,9.27779631737215,
DEU,2011,9.49781328511773,
DEU,2012,9.52908992923827,
DEU,2013,9.55469427007213,
DEU,2014,9.56681258296546,
DEU,2015,9.5404949533284,
DEU,2016,9.52448909647829,
DEU,2017,9.55008627097315,
DEU,2018,9.58303125347759,
DEU,2019,9.60016324848307,
DEU,2020,9.63083106717341,
DEU,2021,9.66128595629231,
DEU,2022,9.69253663834609,
DEU,2023,9.70327003022419,
DEU,2024,9.69588642103732,
DEU,2025,9.71600868014323,
DNK,1960,28.0462520441182,
DNK,1961,28.1878193381294,
DNK,1962,28.3545913948904,
DNK,1963,28.5196893659343,
DNK,1964,28.6830230458155,
DNK,1965,28.8519549856147,
DNK,1966,28.7237974219684,
DNK,1967,28.5087296607446,
DNK,1968,28.3461287763755,
DNK,1969,28.2001733491964,
DNK,1970,27.9993921388293,
DNK,1971,27.1869986778494,
DNK,1972,26.0932174799403,
DNK,1973,25.0377698626067,
DNK,1974,24.0572160568545,
DNK,1975,23.1560860750748,
DNK,1976,22.5684048167841,
DNK,1977,22.2555178730368,
DNK,1978,21.9468372226428,
DNK,1979,21.6564998326103,
DNK,1980,21.3961979899774,
DNK,1981,21.2121786045378,
DNK,1982,21.0801299774708,
DNK,1983,20.9479034948498,
DNK,1984,20.8128970488606,
DNK,1985,20.6599694819261,
DNK,1986,20.5105951840179,
DNK,1987,20.3857052356299,
DNK,1988,20.2772737232909,
DNK,1989,20.1944669693336,
DNK,1990,20.1381498593934,
DNK,1991,20.0822692052342,
DNK,1992,20.0335307665087,
DNK,1993,20.0057895844528,
DNK,1994,20.0170182360195,
DNK,1995,20.0320328782221,
DNK,1996,20.0571947116837,
DNK,1997,20.1009046183806,
DNK,1998,20.1221141133124,
DNK,1999,20.1475290592523,
DNK,2000,20.172443112014,
DNK,2001,20.1922526066086,
DNK,2002,20.2845051396679,
DNK,2003,20.4529053863281,
DNK,2004,20.625798058404,
DNK,2005,20.795980095331,
DNK,2006,20.9567408067869,
DNK,2007,21.0987472530128,
DNK,2008,21.2158064780952,
DNK,2009,21.344029027203,
DNK,2010,21.492882704365,
DNK,2011,21.6666977825616,
DNK,2012,21.8674104527314,
DNK,2013,22.0590561025494,
DNK,2014,22.2315151568847,
DNK,2015,22.3607073338655,
DNK,2016,22.474419562815,
DNK,2017,22.618881591957,
DNK,2018,22.7978768427979,
DNK,2019,22.9410249204478,
DNK,2020,23.0902369309346,
DNK,2021,23.1973695915453,
DNK,2022,23.2106117579815,
DNK,2023,23.2220640085879,
DNK,2024,23.2760057232802,
DNK,2025,23.3099784679046,
DOM,1960,11.2389913399357,
DOM,1961,11.6038530395025,
DOM,1962,11.9768294589326,
DOM,1963,12.3677398156836,
DOM,1964,12.7775439029092,
DOM,1965,13.2098946616179,
DOM,1966,13.6609357784738,
DOM,1967,14.1243666636296,
DOM,1968,14.6129271486093,
DOM,1969,15.1224154116111,
DOM,1970,15.6091551136661,
DOM,1971,16.0623433712757,
DOM,1972,16.5329609536611,
DOM,1973,17.0179500053009,
DOM,1974,17.5257524271005,
DOM,1975,18.059549304348,
DOM,1976,18.6201500886803,
DOM,1977,19.2028397256823,
DOM,1978,19.8129930178239,
DOM,1979,20.4503469780972,
DOM,1980,21.1170219357983,
DOM,1981,21.8146588206466,
DOM,1982,22.069449655858,
DOM,1983,21.9425180178187,
DOM,1984,21.8224403088548,
DOM,1985,21.7144677068501,
DOM,1986,21.6198300221207,
DOM,1987,21.5338811160943,
DOM,1988,21.452305471595,
DOM,1989,21.3691511140276,
DOM,1990,21.2892694701815,
DOM,1991,21.2194272953168,
DOM,1992,21.1621148324922,
DOM,1993,21.1137112137458,
DOM,1994,21.3097159355562,
DOM,1995,21.5900757024967,
DOM,1996,21.8870932443525,
DOM,1997,22.2032380899717,
DOM,1998,22.5449264424342,
DOM,1999,22.89922294123,
DOM,2000,23.2603425599853,
DOM,2001,23.6363085922785,
DOM,2002,24.0364947383344,
DOM,2003,24.3396447015908,
DOM,2004,24.611824061175,
DOM,2005,24.9011223156468,
DOM,2006,25.2097405649798,
DOM,2007,25.5306399618091,
DOM,2008,25.8522029889911,
DOM,2009,26.1673713921177,
DOM,2010,26.4840086861996,
DOM,2011,26.8073758290206,
DOM,2012,27.141702558118,
DOM,2013,27.4862262310948,
DOM,2014,27.8448180257957,
DOM,2015,28.2184882953041,
DOM,2016,28.6092122110463,
DOM,2017,29.0101298012917,
DOM,2018,29.4206678449828,
DOM,2019,29.7871139300625,
DOM,2020,30.1389315334793,
DOM,2021,30.4653779088479,
DOM,2022,30.7871774008716,
DOM,2023,31.0988225939469,
DOM,2024,31.3925539815728,
DOM,2025,31.666248136906,
DZA,1960,7.62925121064284,
DZA,1961,7.8580720091517,
DZA,1962,8.07654855771712,
DZA,1963,8.29631288892331,
DZA,1964,8.51306994614778,
DZA,1965,8.74491427122291,
DZA,1966,8.93771114360056,
DZA,1967,9.02721612212625,
DZA,1968,9.11529784445213,
DZA,1969,9.20339627009875,
DZA,1970,9.29449446843773,
DZA,1971,9.3862118389643,
DZA,1972,9.47550549411551,
DZA,1973,9.55942013169323,
DZA,1974,9.63808641251708,
DZA,1975,9.60964872109722,
DZA,1976,9.48487949116256,
DZA,1977,9.35373508006644,
DZA,1978,9.14779447321964,
DZA,1979,8.93421756972121,
DZA,1980,8.71406910044481,
DZA,1981,8.48815943474287,
DZA,1982,8.26073496700038,
DZA,1983,8.03470065227284,
DZA,1984,7.81329645600743,
DZA,1985,7.59857171832903,
DZA,1986,7.39797794719738,
DZA,1987,7.24770624200422,
DZA,1988,7.18059858140779,
DZA,1989,7.1252098357126,
DZA,1990,7.08181531939276,
DZA,1991,7.0454058515169,
DZA,1992,7.00574285481668,
DZA,1993,6.96797542021409,
DZA,1994,6.9440191708915,
DZA,1995,6.93010454338013,
DZA,1996,6.92407933525675,
DZA,1997,6.92418323205136,
DZA,1998,6.94272897507973,
DZA,1999,6.93496570919928,
DZA,2000,6.92656099993616,
DZA,2001,6.91974947289798,
DZA,2002,6.91603228702489,
DZA,2003,6.91237127211498,
DZA,2004,6.90421801500698,
DZA,2005,6.89122244965448,
DZA,2006,6.87301020898891,
DZA,2007,6.8460923696386,
DZA,2008,6.80919279543094,
DZA,2009,6.76568580641916,
DZA,2010,6.72047955031574,
DZA,2011,6.67492047340059,
DZA,2012,6.62728842028694,
DZA,2013,6.57824165982913,
DZA,2014,6.52835856704207,
DZA,2015,6.47766244325364,
DZA,2016,6.42739696075376,
DZA,2017,6.3790302638574,
DZA,2018,6.33699513481168,
DZA,2019,6.30408504572377,
DZA,2020,6.28412715463487,
DZA,2021,6.27589148336148,
DZA,2022,6.27555596914326,
DZA,2023,6.2858422883749,
DZA,2024,6.30601011981209,
DZA,2025,6.3331152960478,
EAR,1960,10.484755380465,
EAR,1961,10.6363967487629,
EAR,1962,10.785885736047,
EAR,1963,10.9384012047727,
EAR,1964,11.0975827066114,
EAR,1965,11.2690880924142,
EAR,1966,11.4495538836653,
EAR,1967,11.6239997361893,
EAR,1968,11.8056681952405,
EAR,1969,11.9957898192847,
EAR,1970,12.1889947533581,
EAR,1971,12.3855978280256,
EAR,1972,12.5878309172969,
EAR,1973,12.7799227064001,
EAR,1974,12.9734299337644,
EAR,1975,13.0188631694632,
EAR,1976,13.1840553351593,
EAR,1977,13.3492263799077,
EAR,1978,13.5210683042415,
EAR,1979,13.6921567192952,
EAR,1980,13.8645861924893,
EAR,1981,13.984527780995,
EAR,1982,14.0633962226842,
EAR,1983,14.1523092102113,
EAR,1984,14.2503787099817,
EAR,1985,14.3569555893118,
EAR,1986,14.4734743869433,
EAR,1987,14.5877617604722,
EAR,1988,14.7106249550028,
EAR,1989,14.8432875075948,
EAR,1990,14.9790814790019,
EAR,1991,15.0874717283696,
EAR,1992,15.1852552097869,
EAR,1993,15.286232759311,
EAR,1994,15.4085388941415,
EAR,1995,15.5330563655059,
EAR,1996,15.636641521087,
EAR,1997,15.7370411372989,
EAR,1998,15.845477941335,
EAR,1999,15.9608364565048,
EAR,2000,16.0824068512757,
EAR,2001,16.1865209116453,
EAR,2002,16.2731130825715,
EAR,2003,16.3641910606194,
EAR,2004,16.45644289897,
EAR,2005,16.5620871239467,
EAR,2006,16.6761760556793,
EAR,2007,16.7982307507157,
EAR,2008,16.9319975291802,
EAR,2009,17.0695701961871,
EAR,2010,17.1929457189067,
EAR,2011,17.2877032090153,
EAR,2012,17.399307570583,
EAR,2013,17.5226894557857,
EAR,2014,17.6693507163793,
EAR,2015,17.8463136670126,
EAR,2016,18.0364279268332,
EAR,2017,18.2260302447277,
EAR,2018,18.4278683988403,
EAR,2019,18.6005615639329,
EAR,2020,18.7762574298253,
EAR,2021,18.9839605071293,
EAR,2022,19.1784015401538,
EAR,2023,19.3603921952864,
EAR,2024,19.5436639534892,
EAR,2025,19.727769927106,
ECA,1960,9.93179053805444,
ECA,1961,10.1361582444336,
ECA,1962,10.3743282446911,
ECA,1963,10.6261878974812,
ECA,1964,10.893939056604,
ECA,1965,11.1834037804489,
ECA,1966,11.4564576703786,
ECA,1967,11.727864662289,
ECA,1968,12.0169770270631,
ECA,1969,12.3196740874155,
ECA,1970,12.63566796494,
ECA,1971,12.872923348277,
ECA,1972,13.0778572774488,
ECA,1973,13.2974135826573,
ECA,1974,13.5306823783034,
ECA,1975,13.7783992356617,
ECA,1976,14.0085966421794,
ECA,1977,14.2279188286207,
ECA,1978,14.457753265071,
ECA,1979,14.6630789628176,
ECA,1980,14.8160746511253,
ECA,1981,15.0008594463073,
ECA,1982,15.1858702015551,
ECA,1983,15.3631770469227,
ECA,1984,15.5441122890338,
ECA,1985,15.7342636044163,
ECA,1986,15.9103036122049,
ECA,1987,16.0846309637758,
ECA,1988,16.2717411152907,
ECA,1989,16.419014604982,
ECA,1990,16.5347844654021,
ECA,1991,16.6411181062211,
ECA,1992,16.7073652613285,
ECA,1993,16.8063762819827,
ECA,1994,16.9668069743448,
ECA,1995,17.1695359487788,
ECA,1996,17.388378967581,
ECA,1997,17.6259408303609,
ECA,1998,17.8573607717227,
ECA,1999,18.0775210439655,
ECA,2000,18.2964168479822,
ECA,2001,18.5749576172207,
ECA,2002,18.8929218186161,
ECA,2003,19.2230244289522,
ECA,2004,19.5539149906224,
ECA,2005,19.8963401883628,
ECA,2006,20.2455316443261,
ECA,2007,20.6545609485829,
ECA,2008,20.9863848463153,
ECA,2009,21.3295505974895,
ECA,2010,21.6841796597442,
ECA,2011,22.0435329143833,
ECA,2012,22.308919862107,
ECA,2013,22.4680801359842,
ECA,2014,22.6271286179132,
ECA,2015,22.7748255809766,
ECA,2016,22.9070980496682,
ECA,2017,23.0500172387484,
ECA,2018,23.197329789689,
ECA,2019,23.3137373683513,
ECA,2020,23.4751386012686,
ECA,2021,23.6565183649342,
ECA,2022,24.144437361754,
ECA,2023,24.668414434835,
ECA,2024,24.7739763534487,
ECA,2025,24.7287241148376,
ECS,1960,15.0954620872708,
ECS,1961,15.2058210552602,
ECS,1962,15.3008353075527,
ECS,1963,15.3918082726071,
ECS,1964,15.4901800416197,
ECS,1965,15.5991751746838,
ECS,1966,15.7236434367015,
ECS,1967,15.8505790453245,
ECS,1968,15.9883002315755,
ECS,1969,16.1305917113085,
ECS,1970,16.2857686271611,
ECS,1971,16.3889211788425,
ECS,1972,16.4480204284164,
ECS,1973,16.5097226141529,
ECS,1974,16.5830950314849,
ECS,1975,16.6639908204997,
ECS,1976,16.7428511816707,
ECS,1977,16.8228304549714,
ECS,1978,16.9046736679917,
ECS,1979,16.9698796486367,
ECS,1980,17.0063891452481,
ECS,1981,17.0525595115238,
ECS,1982,17.1004278358139,
ECS,1983,17.1495460916567,
ECS,1984,17.1970145406555,
ECS,1985,17.2494396264054,
ECS,1986,17.3046378791453,
ECS,1987,17.3840522729154,
ECS,1988,17.4294450700349,
ECS,1989,17.4749938411155,
ECS,1990,17.5029264950903,
ECS,1991,17.5251631486542,
ECS,1992,17.5368722639547,
ECS,1993,17.5508264160395,
ECS,1994,17.5887058134705,
ECS,1995,17.6454234781599,
ECS,1996,17.7179403794648,
ECS,1997,17.8014206399155,
ECS,1998,17.8816581307077,
ECS,1999,17.9637721102154,
ECS,2000,18.0618909325514,
ECS,2001,18.1735770100884,
ECS,2002,18.3058399363267,
ECS,2003,18.4384585969222,
ECS,2004,18.5685430573192,
ECS,2005,18.703231165759,
ECS,2006,18.8443938540739,
ECS,2007,19.0025077003364,
ECS,2008,19.1415908426396,
ECS,2009,19.2898455928862,
ECS,2010,19.4502137859775,
ECS,2011,19.6466657735098,
ECS,2012,19.790447707186,
ECS,2013,19.9162124827873,
ECS,2014,20.0381114986169,
ECS,2015,20.1507632901967,
ECS,2016,20.260604901192,
ECS,2017,20.385443950817,
ECS,2018,20.5165015423104,
ECS,2019,20.6080188425652,
ECS,2020,20.7401332773845,
ECS,2021,20.8898295313465,
ECS,2022,21.0533180049233,
ECS,2023,21.1920387322643,
ECS,2024,21.2403376237373,
ECS,2025,21.2760874553433,
ECU,1960,16.8940190477186,
ECU,1961,17.2901899506833,
ECU,1962,17.691344109577,
ECU,1963,18.0086394349459,
ECU,1964,18.2669122110294,
ECU,1965,18.521660124703,
ECU,1966,18.7772569305905,
ECU,1967,19.0340406927839,
ECU,1968,19.2944955583756,
ECU,1969,19.5570518051505,
ECU,1970,19.826714388551,
ECU,1971,20.103084328015,
ECU,1972,20.3884219319428,
ECU,1973,20.6803507212773,
ECU,1974,20.9862062595856,
ECU,1975,21.3325155294468,
ECU,1976,21.6941413856634,
ECU,1977,22.0665994492494,
ECU,1978,22.4536905679518,
ECU,1979,22.8547105254848,
ECU,1980,23.2687315765349,
ECU,1981,23.6927545424954,
ECU,1982,24.1333652603824,
ECU,1983,24.3727643164344,
ECU,1984,24.4688853131679,
ECU,1985,24.5744405043671,
ECU,1986,24.7013355753898,
ECU,1987,24.8478775043996,
ECU,1988,25.014983805503,
ECU,1989,25.1957751391057,
ECU,1990,25.3899467741641,
ECU,1991,25.5337784679669,
ECU,1992,25.6448597857225,
ECU,1993,25.7743444351466,
ECU,1994,25.9302665966831,
ECU,1995,26.096038536341,
ECU,1996,26.2686405411927,
ECU,1997,26.4505311929631,
ECU,1998,26.6440370171569,
ECU,1999,26.8488095586528,
ECU,2000,27.0672806478199,
ECU,2001,27.2873437153873,
ECU,2002,27.3533406320004,
ECU,2003,27.3129107275888,
ECU,2004,27.2763506230315,
ECU,2005,27.2447753215096,
ECU,2006,27.2170122512704,
ECU,2007,27.1920980254206,
ECU,2008,27.1685634271141,
ECU,2009,27.1436900451735,
ECU,2010,27.1272317971545,
ECU,2011,27.1502634014229,
ECU,2012,27.2084974024855,
ECU,2013,27.2913776620269,
ECU,2014,27.3931277363368,
ECU,2015,27.495617452728,
ECU,2016,27.5917094669727,
ECU,2017,27.6670529744917,
ECU,2018,27.6910172452089,
ECU,2019,27.6464832424367,
ECU,2020,27.7440041399596,
ECU,2021,27.9571602448393,
ECU,2022,28.1680880449433,
ECU,2023,28.3617211333229,
ECU,2024,28.562434362083,
ECU,2025,28.7700323719719,
EGY,1960,19.2738573699554,
EGY,1961,19.6177312781635,
EGY,1962,19.990748495616,
EGY,1963,20.3732699332587,
EGY,1964,20.7717177465416,
EGY,1965,21.1889128972267,
EGY,1966,21.5923778425647,
EGY,1967,21.6510562063538,
EGY,1968,21.7158971037282,
EGY,1969,21.7849339642605,
EGY,1970,21.8683490839733,
EGY,1971,21.9661337302172,
EGY,1972,22.0673192652458,
EGY,1973,22.1676552959631,
EGY,1974,22.2668795067389,
EGY,1975,22.3564370275265,
EGY,1976,22.4512701254565,
EGY,1977,22.4978508606496,
EGY,1978,22.4991547823158,
EGY,1979,22.4902395284594,
EGY,1980,22.4576342433915,
EGY,1981,22.4061306626516,
EGY,1982,22.3405897795515,
EGY,1983,22.2364596522668,
EGY,1984,22.1150712442627,
EGY,1985,22.0006524888318,
EGY,1986,21.91325586311,
EGY,1987,21.9375276144034,
EGY,1988,22.0205012781747,
EGY,1989,22.1174889891037,
EGY,1990,22.1725991049687,
EGY,1991,22.2689794400529,
EGY,1992,22.4518263141612,
EGY,1993,22.6554887008217,
EGY,1994,22.8997652957648,
EGY,1995,23.1608876184717,
EGY,1996,23.4359368484071,
EGY,1997,23.5437064730489,
EGY,1998,23.5290619855565,
EGY,1999,23.5036783765496,
EGY,2000,23.4953768634699,
EGY,2001,23.4944304059036,
EGY,2002,23.4988979479135,
EGY,2003,23.5053179593048,
EGY,2004,23.5197438347381,
EGY,2005,23.5427356731613,
EGY,2006,23.5827847175062,
EGY,2007,23.6383594542826,
EGY,2008,23.6988435387642,
EGY,2009,23.7545101442446,
EGY,2010,23.8032735342875,
EGY,2011,23.8077008699422,
EGY,2012,23.7787526563825,
EGY,2013,23.7354827213877,
EGY,2014,23.6991294886526,
EGY,2015,23.7048836102474,
EGY,2016,23.725883726088,
EGY,2017,23.7555821433017,
EGY,2018,23.809371150424,
EGY,2019,23.864864107477,
EGY,2020,23.9502705956771,
EGY,2021,24.0668448810372,
EGY,2022,24.1822484366433,
EGY,2023,24.2471653310199,
EGY,2024,24.3010368320419,
EGY,2025,24.3999773752588,
EMU,1960,15.9213924502415,
EMU,1961,16.0914673274265,
EMU,1962,16.2317328411554,
EMU,1963,16.349571636664,
EMU,1964,16.4708708224825,
EMU,1965,16.5927199351778,
EMU,1966,16.7220243935607,
EMU,1967,16.8693429866409,
EMU,1968,17.022675103489,
EMU,1969,17.166772747467,
EMU,1970,17.3350675690769,
EMU,1971,17.4700193180088,
EMU,1972,17.5132232346379,
EMU,1973,17.5462315171805,
EMU,1974,17.5945567424245,
EMU,1975,17.6505124365449,
EMU,1976,17.7075108753766,
EMU,1977,17.7697709417139,
EMU,1978,17.8338624427195,
EMU,1979,17.8978674366708,
EMU,1980,17.9572515176104,
EMU,1981,18.0024712134316,
EMU,1982,18.0135452527659,
EMU,1983,18.0278365407031,
EMU,1984,18.049776144757,
EMU,1985,18.080773037845,
EMU,1986,18.1182301321216,
EMU,1987,18.2138531987743,
EMU,1988,18.2044132147692,
EMU,1989,18.2432198420993,
EMU,1990,18.2599581240913,
EMU,1991,18.2601649547321,
EMU,1992,18.2601558319282,
EMU,1993,18.2619594976817,
EMU,1994,18.2703639336482,
EMU,1995,18.2796079844211,
EMU,1996,18.288657209502,
EMU,1997,18.2963241466759,
EMU,1998,18.3052375675147,
EMU,1999,18.3197828919574,
EMU,2000,18.3416181179499,
EMU,2001,18.3633136819901,
EMU,2002,18.3896235674707,
EMU,2003,18.4049307207964,
EMU,2004,18.4167789163337,
EMU,2005,18.4392719021174,
EMU,2006,18.4784170393282,
EMU,2007,18.509635848832,
EMU,2008,18.54658004253,
EMU,2009,18.6120489756299,
EMU,2010,18.6919163875418,
EMU,2011,18.853141177384,
EMU,2012,18.9395357700834,
EMU,2013,19.0433851252324,
EMU,2014,19.1410046250695,
EMU,2015,19.2190340135099,
EMU,2016,19.2988648521835,
EMU,2017,19.3948633254928,
EMU,2018,19.4878593959188,
EMU,2019,19.5432173991439,
EMU,2020,19.6195811955822,
EMU,2021,19.7039324342036,
EMU,2022,19.7427149411832,
EMU,2023,19.7464789614895,
EMU,2024,19.7501079278876,
EMU,2025,19.7688604735735,
ESP,1960,15.9562272204892,
ESP,1961,16.3684897972462,
ESP,1962,16.825095639203,
ESP,1963,17.3019598806275,
ESP,1964,17.7725816807419,
ESP,1965,18.2374311407056,
ESP,1966,18.7270503655865,
ESP,1967,19.1902094997737,
ESP,1968,19.6507766374515,
ESP,1969,20.1853954722839,
ESP,1970,20.7097593635115,
ESP,1971,20.9793571796103,
ESP,1972,21.0243538197335,
ESP,1973,21.068979297948,
ESP,1974,21.1171635357537,
ESP,1975,21.1683208465822,
ESP,1976,21.225651403577,
ESP,1977,21.288732650121,
ESP,1978,21.3670223636588,
ESP,1979,21.4635185135891,
ESP,1980,21.5782865109686,
ESP,1981,21.6491323533419,
ESP,1982,21.6169599483094,
ESP,1983,21.6093619523978,
ESP,1984,21.6175275559606,
ESP,1985,21.6369446017407,
ESP,1986,21.6703653766329,
ESP,1987,21.7124858940129,
ESP,1988,21.7651875996709,
ESP,1989,21.8298895604702,
ESP,1990,21.9070354268298,
ESP,1991,21.990007487481,
ESP,1992,22.1000015705729,
ESP,1993,22.2038637887169,
ESP,1994,22.318293499818,
ESP,1995,22.4414227653021,
ESP,1996,22.5714650432897,
ESP,1997,22.7013647844097,
ESP,1998,22.8338457492607,
ESP,1999,22.9693780467045,
ESP,2000,23.0966954533273,
ESP,2001,23.1671274208936,
ESP,2002,23.1331681999504,
ESP,2003,23.0390224436562,
ESP,2004,22.9647549345154,
ESP,2005,22.8981204222238,
ESP,2006,22.8318989261491,
ESP,2007,22.7293094318429,
ESP,2008,22.6855680752445,
ESP,2009,22.8022740401354,
ESP,2010,23.017720566486,
ESP,2011,23.2596356175169,
ESP,2012,23.5729117971875,
ESP,2013,23.9916203255256,
ESP,2014,24.4047462617518,
ESP,2015,24.7690619743704,
ESP,2016,25.0986527893423,
ESP,2017,25.3904599302849,
ESP,2018,25.632179428969,
ESP,2019,25.6802906357314,
ESP,2020,25.7669286687271,
ESP,2021,25.9114100443133,
ESP,2022,25.8904335825508,
ESP,2023,25.7250872177769,
ESP,2024,25.5792317688608,
ESP,2025,25.4153391876506,
ETH,1960,2.42870588074591,
ETH,1961,2.43744414227597,
ETH,1962,2.44451333146318,
ETH,1963,2.45019475189549,
ETH,1964,2.45462920912674,
ETH,1965,2.457589302976,
ETH,1966,2.46257227026714,
ETH,1967,2.46674157608607,
ETH,1968,2.51695938139406,
ETH,1969,2.56816022386644,
ETH,1970,2.62044143100711,
ETH,1971,2.6744131647624,
ETH,1972,2.73133176789968,
ETH,1973,2.78940231781411,
ETH,1974,2.8510166253985,
ETH,1975,2.91814344884944,
ETH,1976,2.98464229481529,
ETH,1977,3.07056908388486,
ETH,1978,3.1664707846474,
ETH,1979,3.27232509036863,
ETH,1980,3.41354262341965,
ETH,1981,3.49134823543568,
ETH,1982,3.52255738149803,
ETH,1983,3.59294288727242,
ETH,1984,3.66715250589624,
ETH,1985,3.70551669217735,
ETH,1986,3.73923647101092,
ETH,1987,3.75628953143449,
ETH,1988,3.75489699229856,
ETH,1989,3.75549398873445,
ETH,1990,3.76154004573222,
ETH,1991,3.74394188505957,
ETH,1992,3.73123662596649,
ETH,1993,3.7440151203271,
ETH,1994,3.75831563495815,
ETH,1995,3.7267836614261,
ETH,1996,3.68087616062081,
ETH,1997,3.63877172011665,
ETH,1998,3.59957883655587,
ETH,1999,3.5613761138679,
ETH,2000,3.52566136570123,
ETH,2001,3.49131980966663,
ETH,2002,3.45704631405117,
ETH,2003,3.4238965483339,
ETH,2004,3.3920528048835,
ETH,2005,3.36127987799019,
ETH,2006,3.33183732202907,
ETH,2007,3.30970580838044,
ETH,2008,3.35578315393256,
ETH,2009,3.40396258342856,
ETH,2010,3.45319230664643,
ETH,2011,3.50284063430187,
ETH,2012,3.55482132666697,
ETH,2013,3.61023069055397,
ETH,2014,3.66802118881546,
ETH,2015,3.7266696534953,
ETH,2016,3.78560399119318,
ETH,2017,3.84435149332456,
ETH,2018,3.90512325517703,
ETH,2019,3.9675884152314,
ETH,2020,4.03110737007286,
ETH,2021,4.09823306619526,
ETH,2022,4.16941717744904,
ETH,2023,4.24315735937328,
ETH,2024,4.31897475633135,
ETH,2025,4.39698000881377,
EUU,1960,14.2577620459985,
EUU,1961,14.4076849795446,
EUU,1962,14.5366097123566,
EUU,1963,14.6466106450938,
EUU,1964,14.7578310354151,
EUU,1965,14.8752968503946,
EUU,1966,14.9910490102915,
EUU,1967,15.1084886957716,
EUU,1968,15.2341777123302,
EUU,1969,15.3578756133843,
EUU,1970,15.5046675834946,
EUU,1971,15.6004783790818,
EUU,1972,15.6338269935073,
EUU,1973,15.6592071837724,
EUU,1974,15.6938937074491,
EUU,1975,15.7302642994411,
EUU,1976,15.7719901490137,
EUU,1977,15.8180520187389,
EUU,1978,15.862107531222,
EUU,1979,15.9059432133959,
EUU,1980,15.9433266078088,
EUU,1981,15.9681214702146,
EUU,1982,15.9660868784574,
EUU,1983,15.9676328898077,
EUU,1984,15.9750884147229,
EUU,1985,15.9900645566962,
EUU,1986,16.0120733281989,
EUU,1987,16.0802090483033,
EUU,1988,16.0718012505885,
EUU,1989,16.1059815365898,
EUU,1990,16.1246700403698,
EUU,1991,16.1363617609893,
EUU,1992,16.1453525070257,
EUU,1993,16.1448722193911,
EUU,1994,16.1485453438743,
EUU,1995,16.1553141088389,
EUU,1996,16.1643026222443,
EUU,1997,16.1714678206528,
EUU,1998,16.1787137650921,
EUU,1999,16.1915264712784,
EUU,2000,16.2272016245409,
EUU,2001,16.2608004802417,
EUU,2002,16.3079439349395,
EUU,2003,16.3406171033795,
EUU,2004,16.368787583327,
EUU,2005,16.4042328209588,
EUU,2006,16.4522108516556,
EUU,2007,16.5017254272307,
EUU,2008,16.5543164661368,
EUU,2009,16.6196957250588,
EUU,2010,16.7002749647851,
EUU,2011,16.8325592261457,
EUU,2012,16.916620717032,
EUU,2013,17.0138399590935,
EUU,2014,17.1057572463967,
EUU,2015,17.1837237453643,
EUU,2016,17.2628895811512,
EUU,2017,17.3520738470937,
EUU,2018,17.4399019621961,
EUU,2019,17.496611092168,
EUU,2020,17.5881850298308,
EUU,2021,17.6993185762461,
EUU,2022,17.7421235337996,
EUU,2023,17.7534099716632,
EUU,2024,17.7720215837628,
EUU,2025,17.8041390508925,
FIN,1960,10.118036840064,
FIN,1961,10.2104346442113,
FIN,1962,10.2633607951832,
FIN,1963,10.3137769274662,
FIN,1964,10.380225052286,
FIN,1965,10.4700933358926,
FIN,1966,10.556534142321,
FIN,1967,10.6259488152186,
FIN,1968,10.7059184877279,
FIN,1969,10.8409452429125,
FIN,1970,11.0131174496185,
FIN,1971,11.2280372340379,
FIN,1972,11.4931987429243,
FIN,1973,11.7668767430313,
FIN,1974,12.0529171909451,
FIN,1975,12.3557553529282,
FIN,1976,12.6847571050333,
FIN,1977,13.0243039421368,
FIN,1978,13.3724830237718,
FIN,1979,13.734303805704,
FIN,1980,14.0986518562998,
FIN,1981,14.3010239243461,
FIN,1982,14.4087974703606,
FIN,1983,14.51220986423,
FIN,1984,14.6256413870039,
FIN,1985,14.7567238096481,
FIN,1986,15.1032684214443,
FIN,1987,15.6732709220755,
FIN,1988,16.2645323008418,
FIN,1989,16.8643721430167,
FIN,1990,17.472897950458,
FIN,1991,17.8450617702553,
FIN,1992,17.9797191268848,
FIN,1993,18.1288978252412,
FIN,1994,18.2892904218336,
FIN,1995,18.4602342696156,
FIN,1996,18.6683651496427,
FIN,1997,18.909498067545,
FIN,1998,19.1602674532909,
FIN,1999,19.4208314667734,
FIN,2000,19.6902018446319,
FIN,2001,19.8850695681271,
FIN,2002,20.005103259279,
FIN,2003,20.1266676053431,
FIN,2004,20.2386991093637,
FIN,2005,20.3403254534419,
FIN,2006,20.4431107569915,
FIN,2007,20.5468809088021,
FIN,2008,20.6666768296527,
FIN,2009,20.7958948624157,
FIN,2010,20.9943520395454,
FIN,2011,21.2704369786826,
FIN,2012,21.5480467110001,
FIN,2013,21.8034400618352,
FIN,2014,22.0442800455259,
FIN,2015,22.3065441184656,
FIN,2016,22.5818667323713,
FIN,2017,22.8726589054093,
FIN,2018,23.1908295221216,
FIN,2019,23.4031910281175,
FIN,2020,23.5978090775314,
FIN,2021,23.7638144766565,
FIN,2022,23.8973482507353,
FIN,2023,23.9578675233183,
FIN,2024,23.964970263764,
FIN,2025,23.9955256731857,
FRA,1960,21.2140481240532,
FRA,1961,21.4077315020909,
FRA,1962,21.5592009641097,
FRA,1963,21.6010813304189,
FRA,1964,21.6306705878438,
FRA,1965,21.6835731782073,
FRA,1966,21.7580934605646,
FRA,1967,21.8451543804047,
FRA,1968,21.9219755921099,
FRA,1969,21.9414019873559,
FRA,1970,21.9423133760655,
FRA,1971,21.9361810566273,
FRA,1972,21.9445373615932,
FRA,1973,21.9676236741944,
FRA,1974,22.023315682781,
FRA,1975,22.0922235349306,
FRA,1976,22.1232874830523,
FRA,1977,22.1451979993491,
FRA,1978,22.171164812823,
FRA,1979,22.1990688916199,
FRA,1980,22.2088742187492,
FRA,1981,22.2058011501573,
FRA,1982,22.2607718928247,
FRA,1983,22.2899540941604,
FRA,1984,22.3308249273696,
FRA,1985,22.3690153283246,
FRA,1986,22.4051452909212,
FRA,1987,22.4343563975567,
FRA,1988,22.4561481849446,
FRA,1989,22.4734999334347,
FRA,1990,22.4808625020108,
FRA,1991,22.4533553008849,
FRA,1992,22.4269075669711,
FRA,1993,22.414391706803,
FRA,1994,22.4155494467809,
FRA,1995,22.4190340908614,
FRA,1996,22.4241506548193,
FRA,1997,22.4291908963681,
FRA,1998,22.4312652768658,
FRA,1999,22.4230027754791,
FRA,2000,22.4234672525058,
FRA,2001,22.4140025083282,
FRA,2002,22.4052517060483,
FRA,2003,22.401354991108,
FRA,2004,22.3916872707654,
FRA,2005,22.3773455167288,
FRA,2006,22.3757072633384,
FRA,2007,22.3916125884903,
FRA,2008,22.4212908602759,
FRA,2009,22.4541064199549,
FRA,2010,22.4917887342383,
FRA,2011,22.4995550255483,
FRA,2012,22.5073026133935,
FRA,2013,22.5073052288972,
FRA,2014,22.5169892532531,
FRA,2015,22.553611910464,
FRA,2016,22.611070206353,
FRA,2017,22.6627551143922,
FRA,2018,22.6991036170217,
FRA,2019,22.7431704708468,
FRA,2020,22.7922574052408,
FRA,2021,22.8380498561594,
FRA,2022,22.8549154538255,
FRA,2023,22.927852668258,
FRA,2024,23.0074714609726,
FRA,2025,23.0939234189145,
GBR,1960,31.4158778625954,
GBR,1961,31.1495681818182,
GBR,1962,30.732165258216,
GBR,1963,30.3514147250699,
GBR,1964,30.0052240740741,
GBR,1965,29.6663192147648,
GBR,1966,29.3584069096133,
GBR,1967,29.0580067560189,
GBR,1968,28.775984075839,
GBR,1969,28.5179111409723,
GBR,1970,28.2673828782904,
GBR,1971,28.001521677055,
GBR,1972,27.7039813722,
GBR,1973,27.4509829044384,
GBR,1974,27.2362548131358,
GBR,1975,27.043065638906,
GBR,1976,26.8563982673583,
GBR,1977,26.6745497859432,
GBR,1978,26.4843325485158,
GBR,1979,26.2740855055414,
GBR,1980,26.0582709701579,
GBR,1981,25.9143560080036,
GBR,1982,25.9275101746662,
GBR,1983,25.9228416784467,
GBR,1984,25.8863322141023,
GBR,1985,25.8324204582019,
GBR,1986,25.7777366668951,
GBR,1987,25.7283601560155,
GBR,1988,25.6769780007763,
GBR,1989,25.6161922154204,
GBR,1990,25.5460011885916,
GBR,1991,25.5402199502421,
GBR,1992,25.5592362832062,
GBR,1993,25.5862519498476,
GBR,1994,25.6099960347871,
GBR,1995,25.6315884633025,
GBR,1996,25.6562446543957,
GBR,1997,25.6803004491627,
GBR,1998,25.6961765322056,
GBR,1999,25.7016431449898,
GBR,2000,25.7014652150866,
GBR,2001,25.7080853610269,
GBR,2002,25.7605922296837,
GBR,2003,25.8023406382459,
GBR,2004,25.8177560959997,
GBR,2005,25.8024152696554,
GBR,2006,25.7748769779587,
GBR,2007,25.859863130416,
GBR,2008,25.9439938796571,
GBR,2009,26.036214114943,
GBR,2010,26.1226120072431,
GBR,2011,26.2096915828799,
GBR,2012,26.2944593555273,
GBR,2013,26.3909102248277,
GBR,2014,26.4675993128956,
GBR,2015,26.551758415659,
GBR,2016,26.6177072219004,
GBR,2017,26.7510975683706,
GBR,2018,26.9006215396684,
GBR,2019,27.0429804286486,
GBR,2020,27.2759304764759,
GBR,2021,27.4489115829078,
GBR,2022,27.4419672955231,
GBR,2023,27.334098006596,
GBR,2024,27.2732971521774,
GBR,2025,27.4200339631874,
GEO,1960,19.6885560675883,
GEO,1961,19.8191219354142,
GEO,1962,19.962955083371,
GEO,1963,20.1171352951967,
GEO,1964,20.2858693124564,
GEO,1965,20.4738882088943,
GEO,1966,20.7001285703481,
GEO,1967,20.9629287533077,
GEO,1968,21.2454048437771,
GEO,1969,21.5241771438375,
GEO,1970,21.7782955896988,
GEO,1971,21.9920490031227,
GEO,1972,22.215133284189,
GEO,1973,22.4684973482616,
GEO,1974,22.7281691786424,
GEO,1975,23.0208294674337,
GEO,1976,23.3218496683861,
GEO,1977,23.6348207954987,
GEO,1978,23.9761011437797,
GEO,1979,24.2321114170918,
GEO,1980,24.4017951071021,
GEO,1981,24.5771783771784,
GEO,1982,24.7478427401603,
GEO,1983,24.9116498287111,
GEO,1984,25.0833585738393,
GEO,1985,25.2494155997341,
GEO,1986,25.4141779147625,
GEO,1987,25.5960366817751,
GEO,1988,25.7373452731334,
GEO,1989,25.7526908583682,
GEO,1990,25.4859017076218,
GEO,1991,25.0382762257284,
GEO,1992,24.5806914948189,
GEO,1993,24.1336156869133,
GEO,1994,24.2475511137542,
GEO,1995,24.9084853067658,
GEO,1996,25.5542724479089,
GEO,1997,26.1071658214774,
GEO,1998,26.4767449012126,
GEO,1999,26.7399003943046,
GEO,2000,26.9748016436067,
GEO,2001,27.1057522557072,
GEO,2002,27.1850426603896,
GEO,2003,27.3625819133667,
GEO,2004,27.5258062709111,
GEO,2005,27.6944416470701,
GEO,2006,27.8455251553534,
GEO,2007,27.9842949433676,
GEO,2008,28.0625779372417,
GEO,2009,28.306014625032,
GEO,2010,28.5062567753674,
GEO,2011,28.7288153866918,
GEO,2012,28.9341232768927,
GEO,2013,29.0142368818302,
GEO,2014,28.9935188715212,
GEO,2015,28.9408086810212,
GEO,2016,28.9164199645607,
GEO,2017,28.9054679125881,
GEO,2018,28.909669509243,
GEO,2019,28.9596606168389,
GEO,2020,28.9528666704632,
GEO,2021,29.090306071547,
GEO,2022,29.1002940873837,
GEO,2023,29.1279760935523,
GEO,2024,28.4450066858701,
GEO,2025,27.6190708492324,
GHA,1960,8.81492670460545,
GHA,1961,8.98247817467991,
GHA,1962,9.19447350040035,
GHA,1963,9.41351859831259,
GHA,1964,9.63916525755356,
GHA,1965,9.8670794912241,
GHA,1966,10.1004133867507,
GHA,1967,10.338261536358,
GHA,1968,10.5804232296715,
GHA,1969,10.8195921859831,
GHA,1970,10.9793135930587,
GHA,1971,10.9977655394396,
GHA,1972,11.0115957651613,
GHA,1973,11.0166463587808,
GHA,1974,11.0207036172008,
GHA,1975,11.0254229813213,
GHA,1976,11.0325492998385,
GHA,1977,11.0312154533352,
GHA,1978,11.0204517066796,
GHA,1979,11.0080445760656,
GHA,1980,11.010381655558,
GHA,1981,11.0245786580894,
GHA,1982,11.0287247863956,
GHA,1983,11.0217350394894,
GHA,1984,11.0989716983319,
GHA,1985,11.3092753221544,
GHA,1986,11.5194199989875,
GHA,1987,11.7237409081099,
GHA,1988,11.9203490872997,
GHA,1989,12.1084270191146,
GHA,1990,12.2947208666285,
GHA,1991,12.4889912877888,
GHA,1992,12.6925449749164,
GHA,1993,12.9012601269512,
GHA,1994,13.123957302896,
GHA,1995,13.3576339398944,
GHA,1996,13.6008612152791,
GHA,1997,13.8422545849385,
GHA,1998,14.0825499265947,
GHA,1999,14.3271304694383,
GHA,2000,14.5386380373016,
GHA,2001,14.6506019293136,
GHA,2002,14.7548784363533,
GHA,2003,14.8709812151692,
GHA,2004,15.000120265418,
GHA,2005,15.1365526388678,
GHA,2006,15.2822730835198,
GHA,2007,15.4366505868576,
GHA,2008,15.6034285602121,
GHA,2009,15.7810683521283,
GHA,2010,15.9754457262896,
GHA,2011,16.1807885070171,
GHA,2012,16.3912511088764,
GHA,2013,16.6103663988638,
GHA,2014,16.8440793233137,
GHA,2015,17.0952271231027,
GHA,2016,17.3598044360645,
GHA,2017,17.6471191988738,
GHA,2018,17.9652116836232,
GHA,2019,18.1733388634837,
GHA,2020,18.3834110396233,
GHA,2021,18.5954804725225,
GHA,2022,18.8111237355333,
GHA,2023,19.0254746120166,
GHA,2024,19.2423572679609,
GHA,2025,19.4631475594303,
GIN,1960,3.15338529651657,
GIN,1961,3.50720296522967,
GIN,1962,3.90055242920381,
GIN,1963,4.33708331267192,
GIN,1964,4.82215721458263,
GIN,1965,5.35834535340025,
GIN,1966,5.95347558306877,
GIN,1967,6.61279411943063,
GIN,1968,7.34469655582669,
GIN,1969,8.15513422099421,
GIN,1970,9.0609194314015,
GIN,1971,10.0743938280676,
GIN,1972,11.2106807675955,
GIN,1973,11.82056594244,
GIN,1974,11.9151142558361,
GIN,1975,12.0156832713205,
GIN,1976,12.1210986536555,
GIN,1977,12.2271057968044,
GIN,1978,12.3307503668621,
GIN,1979,12.4265544031264,
GIN,1980,12.5102750534481,
GIN,1981,12.5786073033437,
GIN,1982,12.6315821568116,
GIN,1983,12.727699132843,
GIN,1984,12.8933142777061,
GIN,1985,13.0428226429865,
GIN,1986,13.1788341806552,
GIN,1987,13.3033501587574,
GIN,1988,13.4231167653528,
GIN,1989,13.5454569001535,
GIN,1990,13.5524294981921,
GIN,1991,13.4854056178389,
GIN,1992,13.5286879520118,
GIN,1993,13.5906698164201,
GIN,1994,13.660073297775,
GIN,1995,13.7578014441203,
GIN,1996,13.8520096756321,
GIN,1997,13.9687216710354,
GIN,1998,14.0446969125178,
GIN,1999,14.0704379112083,
GIN,2000,14.1361223002191,
GIN,2001,14.2939779577422,
GIN,2002,14.4182439930708,
GIN,2003,14.4443989768206,
GIN,2004,14.485818064013,
GIN,2005,14.5467844795997,
GIN,2006,14.5953187374744,
GIN,2007,14.6112082643839,
GIN,2008,14.6123648456844,
GIN,2009,14.6092673421315,
GIN,2010,14.6040731098223,
GIN,2011,14.5963003938327,
GIN,2012,14.5923470237505,
GIN,2013,14.5887913488654,
GIN,2014,14.5805637690967,
GIN,2015,14.5648661901391,
GIN,2016,14.5440291293901,
GIN,2017,14.5247418809124,
GIN,2018,14.507310401586,
GIN,2019,14.4942676832424,
GIN,2020,14.495890154222,
GIN,2021,14.5226805153097,
GIN,2022,14.5749201875442,
GIN,2023,14.6537203789561,
GIN,2024,14.7653523924612,
GIN,2025,14.9114682669428,
GRC,1960,21.7684333076284,
GRC,1961,22.2588696185424,
GRC,1962,22.8373081092816,
GRC,1963,23.4835384819494,
GRC,1964,24.1511091861527,
GRC,1965,24.8093729214991,
GRC,1966,25.4179789731439,
GRC,1967,26.021558049619,
GRC,1968,26.684334837969,
GRC,1969,27.4397327911705,
GRC,1970,28.2564860409749,
GRC,1971,28.9151012406698,
GRC,1972,29.233780511458,
GRC,1973,29.6125045721365,
GRC,1974,30.022644443408,
GRC,1975,30.265324614126,
GRC,1976,30.3237539657058,
GRC,1977,30.4575430636949,
GRC,1978,30.5940248520699,
GRC,1979,30.7464565787812,
GRC,1980,30.9822292028887,
GRC,1981,31.1265911905729,
GRC,1982,30.9818169708749,
GRC,1983,30.8484316507572,
GRC,1984,30.7413619170394,
GRC,1985,30.6682101406239,
GRC,1986,30.6129005169248,
GRC,1987,30.556591882783,
GRC,1988,30.4916626838961,
GRC,1989,30.3784985139994,
GRC,1990,30.1040464491185,
GRC,1991,29.8083116285609,
GRC,1992,29.6903056920235,
GRC,1993,29.6244556262825,
GRC,1994,29.5847909838958,
GRC,1995,29.5550727204955,
GRC,1996,29.5333779503808,
GRC,1997,29.4958691088923,
GRC,1998,29.4406170453287,
GRC,1999,29.4356894237322,
GRC,2000,29.4233804635433,
GRC,2001,29.3422782930644,
GRC,2002,29.2177909749219,
GRC,2003,29.1310725498647,
GRC,2004,29.0420451913855,
GRC,2005,28.94006669874,
GRC,2006,28.8363757923742,
GRC,2007,28.746153427718,
GRC,2008,28.6531283487459,
GRC,2009,28.5611519276508,
GRC,2010,28.5076592831746,
GRC,2011,28.5331365913368,
GRC,2012,28.6710352755647,
GRC,2013,28.8627642459411,
GRC,2014,29.0386436871242,
GRC,2015,29.213466220825,
GRC,2016,29.3180261899369,
GRC,2017,29.3588585954076,
GRC,2018,29.4012363128561,
GRC,2019,29.4187182451246,
GRC,2020,29.4744667035375,
GRC,2021,29.83175230579,
GRC,2022,30.2149829394207,
GRC,2023,30.3099511105179,
GRC,2024,30.3176393499594,
GRC,2025,30.2989198539422,
GTM,1960,14.8833993043209,
GTM,1961,15.2105453130416,
GTM,1962,15.547406288062,
GTM,1963,15.8967574900952,
GTM,1964,16.2070298476803,
GTM,1965,16.315573017015,
GTM,1966,16.4317062862351,
GTM,1967,16.5553694800137,
GTM,1968,16.689204278688,
GTM,1969,16.8358258128418,
GTM,1970,16.9935663852616,
GTM,1971,17.159643973707,
GTM,1972,17.3300711106591,
GTM,1973,17.4174086117589,
GTM,1974,17.2909201954057,
GTM,1975,17.1817787401666,
GTM,1976,17.1214760338043,
GTM,1977,17.0538224154751,
GTM,1978,16.9407184356585,
GTM,1979,16.8227430167706,
GTM,1980,16.7013274374758,
GTM,1981,16.6067899364129,
GTM,1982,16.6105244286758,
GTM,1983,16.589681820228,
GTM,1984,16.5103328902974,
GTM,1985,16.4261965404252,
GTM,1986,16.3514528514954,
GTM,1987,16.280364515816,
GTM,1988,16.203199236202,
GTM,1989,16.1232588832649,
GTM,1990,16.0463094196386,
GTM,1991,15.984357758312,
GTM,1992,15.931397001512,
GTM,1993,15.8758276403687,
GTM,1994,15.8621339229158,
GTM,1995,16.008248233588,
GTM,1996,16.1656049222159,
GTM,1997,16.32801774658,
GTM,1998,16.4927918614939,
GTM,1999,16.6663208720328,
GTM,2000,16.8661464684356,
GTM,2001,17.0800979362245,
GTM,2002,17.298527833336,
GTM,2003,17.4303970942632,
GTM,2004,17.5045493223372,
GTM,2005,17.5880367635727,
GTM,2006,17.6811913169137,
GTM,2007,17.7764422020445,
GTM,2008,17.8824893036858,
GTM,2009,17.7670660796782,
GTM,2010,17.6546360469492,
GTM,2011,17.5407578329173,
GTM,2012,17.4283732416007,
GTM,2013,17.3226075441124,
GTM,2014,17.2278751221565,
GTM,2015,17.1443968263201,
GTM,2016,17.0599172893324,
GTM,2017,16.9792683286779,
GTM,2018,16.924832679704,
GTM,2019,16.9040183636353,
GTM,2020,16.9083715376649,
GTM,2021,16.951152503175,
GTM,2022,17.0126956836379,
GTM,2023,17.0765609049857,
GTM,2024,17.1659750850236,
GTM,2025,17.2825158721848,
HKG,1960,84.383651497331,
HKG,1961,85.1295413654872,
HKG,1962,84.1609282342975,
HKG,1963,83.6393054459353,
HKG,1964,83.845089311191,
HKG,1965,83.8109730676228,
HKG,1966,85.2227885065704,
HKG,1967,85.2116686365102,
HKG,1968,85.4768191022169,
HKG,1969,86.0772276715236,
HKG,1970,85.8256883051276,
HKG,1971,85.6996761674041,
HKG,1972,85.785599961199,
HKG,1973,85.130752546209,
HKG,1974,84.4318607519759,
HKG,1975,85.1597409001255,
HKG,1976,86.858388667552,
HKG,1977,88.7314832995179,
HKG,1978,90.3862238885913,
HKG,1979,88.549810333286,
HKG,1980,88.8109656139519,
HKG,1981,88.9093838021376,
HKG,1982,89.351049482382,
HKG,1983,89.5905595779312,
HKG,1984,90.2545990107264,
HKG,1985,90.9006451376416,
HKG,1986,92.5403830141549,
HKG,1987,95.7470477555775,
HKG,1988,97.996268391499,
HKG,1989,99.3209700678836,
HKG,1990,100.0,
HKG,1991,100.0,
HKG,1992,100.0,
HKG,1993,100.0,
HKG,1994,100.0,
HKG,1995,99.7401114341872,
HKG,1996,96.9902882448916,
HKG,1997,97.953092013006,
HKG,1998,98.9323471430536,
HKG,1999,99.5922803299781,
HKG,2000,99.9798049512378,
HKG,2001,100.0,
HKG,2002,100.0,
HKG,2003,100.0,
HKG,2004,100.0,
HKG,2005,100.0,
HKG,2006,100.0,
HKG,2007,99.7411477234938,
HKG,2008,99.748814280376,
HKG,2009,100.0,
HKG,2010,100.0,
HKG,2011,99.91819390237,
HKG,2012,99.3888057509685,
HKG,2013,99.577525804789,
HKG,2014,99.516743896535,
HKG,2015,99.3746108375736,
HKG,2016,99.5398822342775,
HKG,2017,99.6169858789158,
HKG,2018,99.6818157421571,
HKG,2019,99.7719202440096,
HKG,2020,100.0,
HKG,2021,100.0,
HKG,2022,100.0,
HKG,2023,100.0,
HKG,2024,100.0,
HKG,2025,100.0,
HND,1960,6.21499859363937,
HND,1961,6.39299995002928,
HND,1962,6.56910154789227,
HND,1963,6.74927546174002,
HND,1964,6.93385515541019,
HND,1965,7.12111147896416,
HND,1966,7.31292232025245,
HND,1967,7.50914776499138,
HND,1968,7.71005033826869,
HND,1969,7.91326332093642,
HND,1970,8.11981612053593,
HND,1971,8.32864133977936,
HND,1972,8.54060691346938,
HND,1973,8.75884413501894,
HND,1974,8.97247467285366,
HND,1975,9.13741366902645,
HND,1976,9.29188027040571,
HND,1977,9.4483258818562,
HND,1978,9.60994310879904,
HND,1979,9.7760403166711,
HND,1980,9.94770030798141,
HND,1981,10.1238280816851,
HND,1982,10.3068207767748,
HND,1983,10.495873888657,
HND,1984,10.6925961641487,
HND,1985,10.8961308173168,
HND,1986,11.1081640648619,
HND,1987,11.3272928678956,
HND,1988,11.5140652173036,
HND,1989,11.503771914715,
HND,1990,11.4923678161658,
HND,1991,11.4794277363328,
HND,1992,11.4664879422684,
HND,1993,11.4528763108609,
HND,1994,11.4401024368543,
HND,1995,11.4274996833423,
HND,1996,11.416687867148,
HND,1997,11.4078769270096,
HND,1998,11.4164548456788,
HND,1999,11.4274076734761,
HND,2000,11.4268765431705,
HND,2001,11.4288665288644,
HND,2002,11.504023932465,
HND,2003,11.5938798291328,
HND,2004,11.6934059680005,
HND,2005,11.8005229759753,
HND,2006,11.9173961241412,
HND,2007,12.0427610258746,
HND,2008,12.1765542140135,
HND,2009,12.3174779078472,
HND,2010,12.4684342755178,
HND,2011,12.628716330021,
HND,2012,12.7973066442565,
HND,2013,12.9725833751628,
HND,2014,13.1564377043584,
HND,2015,13.3473237053448,
HND,2016,13.5445020281799,
HND,2017,13.7483746842583,
HND,2018,13.9581330048202,
HND,2019,14.111160377701,
HND,2020,14.2701222573135,
HND,2021,14.4345748739271,
HND,2022,14.5898191415186,
HND,2023,14.7303611858917,
HND,2024,14.8651870460514,
HND,2025,14.9946074133302,
HPC,1960,4.33752428183646,
HPC,1961,4.50418260817866,
HPC,1962,4.6716780299178,
HPC,1963,4.8374447388887,
HPC,1964,5.02065800629661,
HPC,1965,5.21729254941826,
HPC,1966,5.42498999375133,
HPC,1967,5.64508543011282,
HPC,1968,5.87616799837445,
HPC,1969,6.11680408044788,
HPC,1970,6.34942360484712,
HPC,1971,6.57321069491107,
HPC,1972,6.80435903943014,
HPC,1973,7.03372144681912,
HPC,1974,7.26239618313724,
HPC,1975,7.49943863164676,
HPC,1976,7.73201221905172,
HPC,1977,7.96513230329585,
HPC,1978,8.18416416228035,
HPC,1979,8.36132283321405,
HPC,1980,8.57425241224881,
HPC,1981,8.8027106674626,
HPC,1982,9.00554547295292,
HPC,1983,9.20775636429005,
HPC,1984,9.43112702946932,
HPC,1985,9.65340770839979,
HPC,1986,9.87770437595055,
HPC,1987,10.0986395202274,
HPC,1988,10.3167108688181,
HPC,1989,10.518826293218,
HPC,1990,10.7410672297289,
HPC,1991,10.9709903639398,
HPC,1992,11.0427708486849,
HPC,1993,11.0912045706398,
HPC,1994,11.1439595352059,
HPC,1995,11.2235588234125,
HPC,1996,11.414380351527,
HPC,1997,11.5120997789334,
HPC,1998,11.6023414640565,
HPC,1999,11.6850649071972,
HPC,2000,11.8167670599564,
HPC,2001,11.9536648308323,
HPC,2002,12.0712392352495,
HPC,2003,12.1865019032427,
HPC,2004,12.3142352108325,
HPC,2005,12.3907113470347,
HPC,2006,12.4729534000906,
HPC,2007,12.4935043333123,
HPC,2008,12.6159857789339,
HPC,2009,12.7477586503528,
HPC,2010,12.7789843186324,
HPC,2011,12.9083102099517,
HPC,2012,13.0350021429502,
HPC,2013,13.1629768580326,
HPC,2014,13.286074962175,
HPC,2015,13.4122765132266,
HPC,2016,13.5389973707534,
HPC,2017,13.6633006767502,
HPC,2018,13.7875491082317,
HPC,2019,13.8996885757282,
HPC,2020,14.0181516397403,
HPC,2021,14.1511010554409,
HPC,2022,14.3022234000505,
HPC,2023,14.4629741427568,
HPC,2024,14.6279772875407,
HPC,2025,14.7944250291492,
HTI,1960,6.41437491755094,
HTI,1961,6.70071238957198,
HTI,1962,6.99924404765623,
HTI,1963,7.31539468528392,
HTI,1964,7.64573913160923,
HTI,1965,7.98376824769995,
HTI,1966,8.33788286677084,
HTI,1967,8.70755389175311,
HTI,1968,9.09344173597102,
HTI,1969,9.49453260631116,
HTI,1970,9.91373693562459,
HTI,1971,10.3498781769479,
HTI,1972,10.604923109649,
HTI,1973,10.8235136831091,
HTI,1974,11.046332157489,
HTI,1975,11.2728634112074,
HTI,1976,11.5044811274024,
HTI,1977,11.7397644597315,
HTI,1978,11.9804796967375,
HTI,1979,12.2263458245803,
HTI,1980,12.4782772015211,
HTI,1981,12.7334209802183,
HTI,1982,12.9926008454169,
HTI,1983,13.3778551043371,
HTI,1984,13.7988179719668,
HTI,1985,14.2283901660221,
HTI,1986,14.6696026454207,
HTI,1987,15.1216664135037,
HTI,1988,15.5854576024092,
HTI,1989,16.0592905448171,
HTI,1990,16.5479723291805,
HTI,1991,17.0554431809247,
HTI,1992,17.5865692361219,
HTI,1993,17.9987691979631,
HTI,1994,18.4287493508897,
HTI,1995,18.8729298307739,
HTI,1996,19.3302235714896,
HTI,1997,19.4687036320751,
HTI,1998,19.6130336586087,
HTI,1999,19.761998582802,
HTI,2000,20.395486002844,
HTI,2001,21.0511620382317,
HTI,2002,21.7391268989959,
HTI,2003,22.4551570837698,
HTI,2004,23.1929293220638,
HTI,2005,23.9549785112975,
HTI,2006,24.7391272363816,
HTI,2007,25.5522603788465,
HTI,2008,26.3992305346869,
HTI,2009,27.274275327282,
HTI,2010,21.8359053599739,
HTI,2011,22.1605473941049,
HTI,2012,22.3970435871878,
HTI,2013,22.6448349217138,
HTI,2014,22.9042627492773,
HTI,2015,23.1734763868397,
HTI,2016,23.4545479591025,
HTI,2017,23.7478223298478,
HTI,2018,24.0528729118779,
HTI,2019,24.3507186702257,
HTI,2020,24.6672936169183,
HTI,2021,25.0024484407608,
HTI,2022,25.3422796295353,
HTI,2023,25.6711594808393,
HTI,2024,25.9940894743597,
HTI,2025,26.3148916584321,
HUN,1960,18.1411110639222,
HUN,1961,18.1918592000485,
HUN,1962,18.2642775319121,
HUN,1963,18.3476380278366,
HUN,1964,18.42300788501,
HUN,1965,18.5054003597776,
HUN,1966,18.5837163326031,
HUN,1967,18.6493183057697,
HUN,1968,18.7132958229063,
HUN,1969,18.7706572941131,
HUN,1970,18.8234759250177,
HUN,1971,18.881871364433,
HUN,1972,18.9383380604624,
HUN,1973,18.9900839288136,
HUN,1974,19.0185060770781,
HUN,1975,19.0200013756431,
HUN,1976,19.0288561487438,
HUN,1977,19.0537104935175,
HUN,1978,19.101591023229,
HUN,1979,19.181061703907,
HUN,1980,19.2062418857707,
HUN,1981,19.1648350499372,
HUN,1982,19.1360263639323,
HUN,1983,19.1247212324885,
HUN,1984,19.1228893256012,
HUN,1985,19.1176905603522,
HUN,1986,19.1102748640618,
HUN,1987,19.1023318104154,
HUN,1988,19.0915725183261,
HUN,1989,19.2603045359258,
HUN,1990,19.3291914353477,
HUN,1991,19.1091541828137,
HUN,1992,18.897642579215,
HUN,1993,18.7030721534483,
HUN,1994,18.5144471982253,
HUN,1995,18.3281480767918,
HUN,1996,18.1493434638983,
HUN,1997,17.9781887852527,
HUN,1998,17.8139242220138,
HUN,1999,17.6600898849625,
HUN,2000,17.5032031723526,
HUN,2001,17.4074873159228,
HUN,2002,17.4140492476922,
HUN,2003,17.4208987722261,
HUN,2004,17.4163705560402,
HUN,2005,17.4080270128129,
HUN,2006,17.392132351408,
HUN,2007,17.3761060802842,
HUN,2008,17.3635321434506,
HUN,2009,17.3475976912294,
HUN,2010,17.3439401089378,
HUN,2011,17.3502242891327,
HUN,2012,17.4630421752755,
HUN,2013,17.5926951946644,
HUN,2014,17.7094912070918,
HUN,2015,17.8193269784762,
HUN,2016,17.9351325929801,
HUN,2017,18.0425519052807,
HUN,2018,18.1261308891225,
HUN,2019,18.1943787736631,
HUN,2020,18.2833132669846,
HUN,2021,18.3976483272855,
HUN,2022,18.4819710915293,
HUN,2023,18.5364629084549,
HUN,2024,18.619314970145,
HUN,2025,18.7323521315551,
IBD,1960,10.6806188755794,
IBD,1961,10.9452723541615,
IBD,1962,11.113660031627,
IBD,1963,11.2195914437251,
IBD,1964,11.3415651386096,
IBD,1965,11.4774710613047,
IBD,1966,11.5881204257974,
IBD,1967,11.6860897881907,
IBD,1968,11.7869710513802,
IBD,1969,11.8871621199486,
IBD,1970,11.9864585270804,
IBD,1971,12.0855062811569,
IBD,1972,12.2085005618766,
IBD,1973,12.339736072219,
IBD,1974,12.4791252857541,
IBD,1975,12.6317421802895,
IBD,1976,12.7857797095289,
IBD,1977,12.9535537473877,
IBD,1978,13.1314217321202,
IBD,1979,13.314439174078,
IBD,1980,13.4925305709935,
IBD,1981,13.6252232265474,
IBD,1982,13.7345183449562,
IBD,1983,13.866353207109,
IBD,1984,14.0095783246251,
IBD,1985,14.1595890051902,
IBD,1986,14.3140385901876,
IBD,1987,14.4662780604423,
IBD,1988,14.6291331653305,
IBD,1989,14.7990736863377,
IBD,1990,14.9815844061712,
IBD,1991,15.2071656513211,
IBD,1992,15.4382572892414,
IBD,1993,15.6870694962156,
IBD,1994,15.9613118305193,
IBD,1995,16.2580038717053,
IBD,1996,16.5748382313488,
IBD,1997,16.9115643606237,
IBD,1998,17.2733656634017,
IBD,1999,17.6681640665157,
IBD,2000,18.1012811210322,
IBD,2001,18.4051725908413,
IBD,2002,18.6483137780141,
IBD,2003,18.8997471261177,
IBD,2004,19.1523547907924,
IBD,2005,19.4166027522586,
IBD,2006,19.6951900664349,
IBD,2007,19.9909348501635,
IBD,2008,20.3049524198089,
IBD,2009,20.6236522542161,
IBD,2010,20.9519228495362,
IBD,2011,21.236110515096,
IBD,2012,21.4888641469757,
IBD,2013,21.7402527566796,
IBD,2014,22.0051111176977,
IBD,2015,22.2849730132091,
IBD,2016,22.5727562632271,
IBD,2017,22.8676072393441,
IBD,2018,23.1868870405961,
IBD,2019,23.4954686779376,
IBD,2020,23.830746081699,
IBD,2021,24.1956137815274,
IBD,2022,24.5742144472037,
IBD,2023,24.9374688988295,
IBD,2024,25.2695290892502,
IBD,2025,25.5866266842969,
IBT,1960,9.83276293076311,
IBT,1961,10.0695087231905,
IBT,1962,10.2311484916546,
IBT,1963,10.3450068343503,
IBT,1964,10.4716337601198,
IBT,1965,10.6096031827427,
IBT,1966,10.7281560619121,
IBT,1967,10.8396708617931,
IBT,1968,10.9552853574477,
IBT,1969,11.0723135884691,
IBT,1970,11.1902228376996,
IBT,1971,11.3114085057292,
IBT,1972,11.4543480252407,
IBT,1973,11.6008432718884,
IBT,1974,11.7540120336696,
IBT,1975,11.8545633240087,
IBT,1976,12.0131042827624,
IBT,1977,12.1832844551899,
IBT,1978,12.360730491509,
IBT,1979,12.5375071693554,
IBT,1980,12.7149286040665,
IBT,1981,12.8546747464629,
IBT,1982,12.9664352989658,
IBT,1983,13.0984863970372,
IBT,1984,13.2391569579167,
IBT,1985,13.3853047833801,
IBT,1986,13.5364948647963,
IBT,1987,13.6867170180877,
IBT,1988,13.8466255378236,
IBT,1989,14.011893849874,
IBT,1990,14.1896048964818,
IBT,1991,14.400527280872,
IBT,1992,14.5980464038592,
IBT,1993,14.8051967896585,
IBT,1994,15.0338608124843,
IBT,1995,15.2818378017988,
IBT,1996,15.5546365550751,
IBT,1997,15.8354410279386,
IBT,1998,16.1349664266688,
IBT,1999,16.4577134468125,
IBT,2000,16.8140430272509,
IBT,2001,17.0669129590721,
IBT,2002,17.2696433249146,
IBT,2003,17.4787687464862,
IBT,2004,17.6901016244527,
IBT,2005,17.9053022913274,
IBT,2006,18.1298817455552,
IBT,2007,18.3566927709325,
IBT,2008,18.6091402098528,
IBT,2009,18.8677727610915,
IBT,2010,19.122615699272,
IBT,2011,19.3326114781388,
IBT,2012,19.5290584862423,
IBT,2013,19.7343436611462,
IBT,2014,19.9532638567721,
IBT,2015,20.1955126360074,
IBT,2016,20.4455752133855,
IBT,2017,20.6897444883346,
IBT,2018,20.9499491112444,
IBT,2019,21.1948739355235,
IBT,2020,21.4572212142952,
IBT,2021,21.7413336736408,
IBT,2022,22.0363296173517,
IBT,2023,22.3212321656117,
IBT,2024,22.5852631739158,
IBT,2025,22.8378335421851,
IDA,1960,5.42011398884596,
IDA,1961,5.57307496447527,
IDA,1962,5.73377779583205,
IDA,1963,5.89731428560161,
IDA,1964,6.06023142658741,
IDA,1965,6.22428103856636,
IDA,1966,6.39590916173309,
IDA,1967,6.59186015074855,
IDA,1968,6.79815579273689,
IDA,1969,7.01501127948573,
IDA,1970,7.23855494684033,
IDA,1971,7.47629804799804,
IDA,1972,7.73003759249658,
IDA,1973,7.97264080251438,
IDA,1974,8.21647679321738,
IDA,1975,8.08812234646631,
IDA,1976,8.29413331924918,
IDA,1977,8.50292657312382,
IDA,1978,8.70914510540743,
IDA,1979,8.8917253231246,
IDA,1980,9.09986045159858,
IDA,1981,9.30277890586092,
IDA,1982,9.45734658281575,
IDA,1983,9.62332847394001,
IDA,1984,9.78451929661568,
IDA,1985,9.9457643082325,
IDA,1986,10.1136752580687,
IDA,1987,10.2852694652461,
IDA,1988,10.4626664285957,
IDA,1989,10.6389549343883,
IDA,1990,10.8278122833391,
IDA,1991,11.0103499357685,
IDA,1992,11.1069860266313,
IDA,1993,11.1880646792454,
IDA,1994,11.2773016668156,
IDA,1995,11.3760608118106,
IDA,1996,11.524261711041,
IDA,1997,11.6367069578172,
IDA,1998,11.7476921990012,
IDA,1999,11.8503511855824,
IDA,2000,11.9748041383652,
IDA,2001,12.0981999020514,
IDA,2002,12.2180709924193,
IDA,2003,12.3412048939554,
IDA,2004,12.4713498647896,
IDA,2005,12.5815161034665,
IDA,2006,12.6905357457729,
IDA,2007,12.758450671424,
IDA,2008,12.879538080626,
IDA,2009,13.0141776363168,
IDA,2010,13.1046853970737,
IDA,2011,13.1498265040545,
IDA,2012,13.2361283035438,
IDA,2013,13.3593492059025,
IDA,2014,13.5008396886483,
IDA,2015,13.69938384499,
IDA,2016,13.9121744529557,
IDA,2017,14.0859700262764,
IDA,2018,14.2578878399531,
IDA,2019,14.40993268496,
IDA,2020,14.5648149427347,
IDA,2021,14.7308428000222,
IDA,2022,14.9086796998238,
IDA,2023,15.0945014222325,
IDA,2024,15.2869832756262,
IDA,2025,15.4822408641872,
IDN,1960,7.9772270725073,
IDN,1961,8.16052657233518,
IDN,1962,8.25123198343041,
IDN,1963,8.29408213666879,
IDN,1964,8.33656527589579,
IDN,1965,8.40750068588675,
IDN,1966,8.49486853388629,
IDN,1967,8.56488400954306,
IDN,1968,8.62834032188175,
IDN,1969,8.68833374649818,
IDN,1970,8.75207352536902,
IDN,1971,8.82201835300898,
IDN,1972,8.95115391046765,
IDN,1973,9.10274577043235,
IDN,1974,9.26493005389248,
IDN,1975,9.43713733233878,
IDN,1976,9.61894608827438,
IDN,1977,9.80974925054431,
IDN,1978,10.0096050695256,
IDN,1979,10.2182115462104,
IDN,1980,10.4386603767935,
IDN,1981,10.5639258304922,
IDN,1982,10.6429669742715,
IDN,1983,10.7278339170771,
IDN,1984,10.8211677611482,
IDN,1985,10.9265294682211,
IDN,1986,11.0485510906078,
IDN,1987,11.182581956662,
IDN,1988,11.3246748121124,
IDN,1989,11.4738767901267,
IDN,1990,11.6350464562343,
IDN,1991,11.6685826107857,
IDN,1992,11.6435040345238,
IDN,1993,11.6281019450034,
IDN,1994,11.6216702557952,
IDN,1995,11.6253213667488,
IDN,1996,11.6392155152113,
IDN,1997,11.6633293565466,
IDN,1998,11.702342314843,
IDN,1999,11.7605798197812,
IDN,2000,11.8385369454214,
IDN,2001,11.8839376198134,
IDN,2002,11.9360865586486,
IDN,2003,11.9948055705519,
IDN,2004,12.0622986037934,
IDN,2005,12.1306505151239,
IDN,2006,12.1973812777351,
IDN,2007,12.2678491944505,
IDN,2008,12.3448862725954,
IDN,2009,12.4285591316518,
IDN,2010,12.5136240458499,
IDN,2011,12.5823160995947,
IDN,2012,12.6524897602786,
IDN,2013,12.7301735183191,
IDN,2014,12.8190163097243,
IDN,2015,12.9173980174405,
IDN,2016,13.0248854258934,
IDN,2017,13.1422907108119,
IDN,2018,13.2699548200163,
IDN,2019,13.4070413554941,
IDN,2020,13.5611262747336,
IDN,2021,13.7403232129256,
IDN,2022,13.9179644851587,
IDN,2023,14.0840565324806,
IDN,2024,14.2535993886809,
IDN,2025,14.4247591033101,
IDX,1960,4.13958473555528,
IDX,1961,4.24525239167671,
IDX,1962,4.36637434060659,
IDX,1963,4.4928732587586,
IDX,1964,4.62890909682466,
IDX,1965,4.77116762208099,
IDX,1966,4.92154091454554,
IDX,1967,5.10514529984053,
IDX,1968,5.30106699410442,
IDX,1969,5.51009053410179,
IDX,1970,5.72665001113439,
IDX,1971,5.95671048065799,
IDX,1972,6.19872889767878,
IDX,1973,6.43731143804881,
IDX,1974,6.68042303414555,
IDX,1975,6.35493227673373,
IDX,1976,6.5360465244675,
IDX,1977,6.72195101626147,
IDX,1978,6.90162248247744,
IDX,1979,7.06661140289299,
IDX,1980,7.28488301150897,
IDX,1981,7.50625237098899,
IDX,1982,7.66477978341959,
IDX,1983,7.82352552274386,
IDX,1984,8.00069888578525,
IDX,1985,8.18491602259178,
IDX,1986,8.38126617632546,
IDX,1987,8.58147297697109,
IDX,1988,8.78916526184468,
IDX,1989,8.99300191339142,
IDX,1990,9.21341461153727,
IDX,1991,9.43017183821716,
IDX,1992,9.52081945115798,
IDX,1993,9.60268477515217,
IDX,1994,9.6932757550104,
IDX,1995,9.79591127883709,
IDX,1996,9.97509053102472,
IDX,1997,10.0911194714935,
IDX,1998,10.2048143584689,
IDX,1999,10.3135024954257,
IDX,2000,10.4594297513641,
IDX,2001,10.6027365253497,
IDX,2002,10.7298285900757,
IDX,2003,10.8606303213311,
IDX,2004,11.0028664797934,
IDX,2005,11.1099819087854,
IDX,2006,11.2173296796233,
IDX,2007,11.2767910434759,
IDX,2008,11.4191667746825,
IDX,2009,11.5769486676089,
IDX,2010,11.6604759770831,
IDX,2011,11.6615702960524,
IDX,2012,11.7125373949299,
IDX,2013,11.8075283026932,
IDX,2014,11.925016474658,
IDX,2015,12.1274242043778,
IDX,2016,12.345816944211,
IDX,2017,12.5023829455079,
IDX,2018,12.6547866557173,
IDX,2019,12.7951869823267,
IDX,2020,12.9389874922474,
IDX,2021,13.0974394365263,
IDX,2022,13.2669421102426,
IDX,2023,13.4408129901044,
IDX,2024,13.6208222459093,
IDX,2025,13.8041332617874,
IND,1960,7.80380504670725,
IND,1961,7.87593974982292,
IND,1962,7.95676240728692,
IND,1963,8.04152894257859,
IND,1964,8.12903213044032,
IND,1965,8.22523503308378,
IND,1966,8.33337628640823,
IND,1967,8.44347575874211,
IND,1968,8.55646984844218,
IND,1969,8.67439570901464,
IND,1970,8.78622375773459,
IND,1971,8.90194313334625,
IND,1972,9.02562187476852,
IND,1973,9.14663061248728,
IND,1974,9.26673457385135,
IND,1975,9.38430839296495,
IND,1976,9.50644169521984,
IND,1977,9.63037418492084,
IND,1978,9.76374344865973,
IND,1979,9.89861403958149,
IND,1980,10.0318818966689,
IND,1981,10.1543758404283,
IND,1982,10.2479021657839,
IND,1983,10.3433722139755,
IND,1984,10.4414658212046,
IND,1985,10.543366296783,
IND,1986,10.6506215258998,
IND,1987,10.7638379463313,
IND,1988,10.8840041057216,
IND,1989,11.0082271345031,
IND,1990,11.1388118208712,
IND,1991,11.2621514476978,
IND,1992,11.3613628386563,
IND,1993,11.4656971914388,
IND,1994,11.5796760161508,
IND,1995,11.700278334801,
IND,1996,11.8262922955891,
IND,1997,11.9582948293964,
IND,1998,12.0979058200366,
IND,1999,12.2452825949408,
IND,2000,12.3998234377671,
IND,2001,12.5276019592103,
IND,2002,12.6050064778585,
IND,2003,12.6947078614865,
IND,2004,12.79151677958,
IND,2005,12.8996195870725,
IND,2006,13.0200054159045,
IND,2007,13.1513673945064,
IND,2008,13.295706525162,
IND,2009,13.4420184167427,
IND,2010,13.591595556619,
IND,2011,13.7504275862908,
IND,2012,13.9195166339526,
IND,2013,14.0990186169637,
IND,2014,14.2936016328276,
IND,2015,14.5034177675237,
IND,2016,14.7191857273227,
IND,2017,14.9452932040086,
IND,2018,15.1875894516344,
IND,2019,15.4193492503136,
IND,2020,15.6628700595425,
IND,2021,15.930276789451,
IND,2022,16.2025869268642,
IND,2023,16.4585228460668,
IND,2024,16.7111340490738,
IND,2025,16.962143295232,
IRL,1960,23.3755921657357,
IRL,1961,23.597011754709,
IRL,1962,23.9844854639375,
IRL,1963,24.3364240267821,
IRL,1964,24.7183199316251,
IRL,1965,25.1329023737532,
IRL,1966,25.5016615895874,
IRL,1967,25.6728970352633,
IRL,1968,25.8511430090377,
IRL,1969,25.9948169744088,
IRL,1970,26.0743258094513,
IRL,1971,26.0922110258853,
IRL,1972,26.1284884008101,
IRL,1973,26.1328602213257,
IRL,1974,26.1240478087649,
IRL,1975,26.1181984919503,
IRL,1976,26.1485153101404,
IRL,1977,26.2182987020901,
IRL,1978,26.2718452434592,
IRL,1979,26.3483364208966,
IRL,1980,26.4735993905298,
IRL,1981,26.5091514624964,
IRL,1982,26.2931895117333,
IRL,1983,26.1407166866063,
IRL,1984,26.0123999872042,
IRL,1985,26.0038348461115,
IRL,1986,26.0113456263119,
IRL,1987,25.9779715411362,
IRL,1988,26.0585330454426,
IRL,1989,26.1311776757052,
IRL,1990,26.0783375175798,
IRL,1991,25.9442000885623,
IRL,1992,25.9731679420419,
IRL,1993,26.0490495520321,
IRL,1994,26.1530932885768,
IRL,1995,26.226425603123,
IRL,1996,26.2313230754005,
IRL,1997,26.2000326059947,
IRL,1998,26.1585920312355,
IRL,1999,26.0952022299007,
IRL,2000,25.9788120070199,
IRL,2001,25.7953522321282,
IRL,2002,25.5952076668378,
IRL,2003,25.436548438004,
IRL,2004,25.2288918993421,
IRL,2005,24.934698169241,
IRL,2006,24.5266334565006,
IRL,2007,24.1182993547085,
IRL,2008,23.9201575928424,
IRL,2009,23.9667723176143,
IRL,2010,24.1272062024208,
IRL,2011,24.3083532965771,
IRL,2012,24.4705060274597,
IRL,2013,24.6076833507216,
IRL,2014,24.6954746293267,
IRL,2015,24.7306174854428,
IRL,2016,24.6823350176643,
IRL,2017,24.6179500750397,
IRL,2018,24.528799584812,
IRL,2019,24.4082535844786,
IRL,2020,24.3698542803835,
IRL,2021,24.3015819128339,
IRL,2022,24.0936603415108,
IRL,2023,23.913450303848,
IRL,2024,23.8065417668219,
IRL,2025,23.6874921025526,
IRN,1960,15.2756250758601,
IRN,1961,15.6337016918676,
IRN,1962,15.9981448538877,
IRN,1963,16.3672697888367,
IRN,1964,16.7405704331876,
IRN,1965,17.1170178765185,
IRN,1966,17.5094650371458,
IRN,1967,17.8848195042051,
IRN,1968,18.2574429179509,
IRN,1969,18.6347263488806,
IRN,1970,19.0158448589986,
IRN,1971,19.4154690965964,
IRN,1972,19.8382894779012,
IRN,1973,20.2689630518849,
IRN,1974,20.7053364260652,
IRN,1975,21.139602129079,
IRN,1976,21.5882782552055,
IRN,1977,21.9097134762436,
IRN,1978,22.1427100589915,
IRN,1979,22.3536284443504,
IRN,1980,22.5406931583609,
IRN,1981,22.3749819954183,
IRN,1982,22.2175430820027,
IRN,1983,22.3893202484014,
IRN,1984,22.6114124204466,
IRN,1985,22.8720098017258,
IRN,1986,23.1537409727026,
IRN,1987,23.018657086099,
IRN,1988,22.8373102648656,
IRN,1989,22.7292858604812,
IRN,1990,22.62841072604,
IRN,1991,22.5760507734593,
IRN,1992,22.5213203050167,
IRN,1993,22.7754154186184,
IRN,1994,23.0723033609004,
IRN,1995,23.1609302749383,
IRN,1996,23.2578000136766,
IRN,1997,23.3947685246104,
IRN,1998,23.515787596498,
IRN,1999,23.6265056465168,
IRN,2000,23.7271080706402,
IRN,2001,23.8118555556651,
IRN,2002,24.0708410337062,
IRN,2003,24.2650911001909,
IRN,2004,24.2118203294349,
IRN,2005,24.1406960514465,
IRN,2006,24.0856742969438,
IRN,2007,24.1289960645901,
IRN,2008,24.2630618207933,
IRN,2009,24.3920004263789,
IRN,2010,24.5218270811366,
IRN,2011,24.658273533195,
IRN,2012,24.7143261394839,
IRN,2013,24.7201910357519,
IRN,2014,24.7184239364791,
IRN,2015,24.7129540893816,
IRN,2016,24.6910367303444,
IRN,2017,24.667787506036,
IRN,2018,24.6857155225555,
IRN,2019,24.7560092142081,
IRN,2020,24.9080237308971,
IRN,2021,25.0489059536928,
IRN,2022,25.0869635919637,
IRN,2023,25.1069922010917,
IRN,2024,25.1541530926537,
IRN,2025,25.2221271382042,
IRQ,1960,20.3344122202456,
IRQ,1961,21.5850658129838,
IRQ,1962,22.7888654718349,
IRQ,1963,23.9771030713903,
IRQ,1964,25.2392501682942,
IRQ,1965,26.5606780669435,
IRQ,1966,27.1044409119794,
IRQ,1967,27.3164572794058,
IRQ,1968,27.5288342915411,
IRQ,1969,27.7388838623147,
IRQ,1970,27.9479120519503,
IRQ,1971,28.1671244215881,
IRQ,1972,28.3983645894734,
IRQ,1973,28.6288857339784,
IRQ,1974,28.8835515015051,
IRQ,1975,29.1661234381983,
IRQ,1976,29.4676629958405,
IRQ,1977,29.7561050376424,
IRQ,1978,29.714777013578,
IRQ,1979,29.5822856845653,
IRQ,1980,29.4724349455179,
IRQ,1981,29.4056044884114,
IRQ,1982,29.3970748329022,
IRQ,1983,29.3436667294451,
IRQ,1984,29.2496120205349,
IRQ,1985,29.3638891492486,
IRQ,1986,29.4647335830304,
IRQ,1987,29.484181058963,
IRQ,1988,29.6310049803005,
IRQ,1989,29.678104956641,
IRQ,1990,30.1545184101705,
IRQ,1991,30.6992926818794,
IRQ,1992,30.6682614928436,
IRQ,1993,30.0785758386392,
IRQ,1994,29.5135499560646,
IRQ,1995,29.3774854915955,
IRQ,1996,29.292842053751,
IRQ,1997,29.2386932474253,
IRQ,1998,29.1044086410135,
IRQ,1999,28.9162828363067,
IRQ,2000,28.7180925232074,
IRQ,2001,28.5647420572557,
IRQ,2002,28.4021004085931,
IRQ,2003,28.2815372907591,
IRQ,2004,27.0949998400892,
IRQ,2005,25.9457554934185,
IRQ,2006,25.421296059286,
IRQ,2007,25.3063590236368,
IRQ,2008,25.7524100967601,
IRQ,2009,25.7828394681971,
IRQ,2010,25.5737812851039,
IRQ,2011,25.2906991929213,
IRQ,2012,24.7613196341852,
IRQ,2013,24.1975360289353,
IRQ,2014,23.930951794086,
IRQ,2015,23.8586937060401,
IRQ,2016,23.8677801580972,
IRQ,2017,23.9140925420173,
IRQ,2018,23.9364799114997,
IRQ,2019,23.9782967496421,
IRQ,2020,24.0437281210107,
IRQ,2021,24.1178243165719,
IRQ,2022,24.194539795974,
IRQ,2023,24.2965725133768,
IRQ,2024,24.4428507310117,
IRQ,2025,24.6059390685487,
ISR,1960,46.9609086006755,
ISR,1961,47.569885583524,
ISR,1962,46.6651112080244,
ISR,1963,46.3040773434216,
ISR,1964,45.8223434343434,
ISR,1965,45.552633632462,
ISR,1966,45.71962723469,
ISR,1967,45.0803278688525,
ISR,1968,45.4531573314306,
ISR,1969,45.590545707334,
ISR,1970,45.407061197041,
ISR,1971,45.3024437927664,
ISR,1972,45.4760165184244,
ISR,1973,44.9836790726052,
ISR,1974,44.9788569736453,
ISR,1975,45.2875542691751,
ISR,1976,45.6247381828474,
ISR,1977,45.9588707445336,
ISR,1978,46.3589701897019,
ISR,1979,46.5494453248811,
ISR,1980,46.8222279525529,
ISR,1981,47.2873356926188,
ISR,1982,47.8144877201687,
ISR,1983,48.3774421437272,
ISR,1984,49.1733589805242,
ISR,1985,49.7226317032837,
ISR,1986,50.3896022330775,
ISR,1987,51.0313801785306,
ISR,1988,51.6623367852319,
ISR,1989,52.2769809650288,
ISR,1990,52.1671459227468,
ISR,1991,50.558819963629,
ISR,1992,51.1636345891079,
ISR,1993,53.1197871127162,
ISR,1994,55.2110205593628,
ISR,1995,57.357042380523,
ISR,1996,58.3961876317639,
ISR,1997,58.2799520219328,
ISR,1998,58.2894322559035,
ISR,1999,58.148293877551,
ISR,2000,57.9542375576403,
ISR,2001,57.9225966765026,
ISR,2002,58.0922678843227,
ISR,2003,58.1817121844029,
ISR,2004,58.0917021589073,
ISR,2005,58.0027128035671,
ISR,2006,57.9129960162751,
ISR,2007,57.8193339925628,
ISR,2008,57.7275339316988,
ISR,2009,57.2814203270279,
ISR,2010,57.1618789023558,
ISR,2011,57.0311107677252,
ISR,2012,56.9036849756653,
ISR,2013,56.9483838947826,
ISR,2014,57.1529023698528,
ISR,2015,57.3255927733559,
ISR,2016,57.5154458226071,
ISR,2017,57.7175582156014,
ISR,2018,57.930157157653,
ISR,2019,57.85075104926,
ISR,2020,57.8280322514134,
ISR,2021,57.8222143969951,
ISR,2022,57.6252576510594,
ISR,2023,56.8106812874403,
ISR,2024,56.8095219051809,
ISR,2025,56.9853696605682,
ITA,1960,15.8505050826997,
ITA,1961,16.1504204399408,
ITA,1962,16.4074454421186,
ITA,1963,16.6401525794115,
ITA,1964,16.8613507213788,
ITA,1965,17.0815612805794,
ITA,1966,17.3167748814715,
ITA,1967,17.5650343569531,
ITA,1968,17.8341978839408,
ITA,1969,18.1187232607898,
ITA,1970,18.4155988692325,
ITA,1971,18.7294513448272,
ITA,1972,18.8084774291625,
ITA,1973,18.7655911521249,
ITA,1974,18.727478580087,
ITA,1975,18.7002305387668,
ITA,1976,18.6916282023164,
ITA,1977,18.6967566014304,
ITA,1978,18.7149038156665,
ITA,1979,18.745763435964,
ITA,1980,18.7925133558504,
ITA,1981,18.8554498605572,
ITA,1982,18.8791195062609,
ITA,1983,18.88808256633,
ITA,1984,18.9004795223364,
ITA,1985,18.9123717990141,
ITA,1986,18.9295085505367,
ITA,1987,18.9465444208962,
ITA,1988,18.9571745984163,
ITA,1989,18.9634802548379,
ITA,1990,18.9689512764981,
ITA,1991,18.9779645597178,
ITA,1992,18.9499630500416,
ITA,1993,18.9063957672586,
ITA,1994,18.8706340577798,
ITA,1995,18.8385404250625,
ITA,1996,18.8015338861938,
ITA,1997,18.7600900201531,
ITA,1998,18.7232729393198,
ITA,1999,18.6888216958943,
ITA,2000,18.6491374713419,
ITA,2001,18.6067211950033,
ITA,2002,18.6105723499866,
ITA,2003,18.5828181808299,
ITA,2004,18.5175535269751,
ITA,2005,18.4822300849136,
ITA,2006,18.4811655630482,
ITA,2007,18.4418330871269,
ITA,2008,18.3729235192928,
ITA,2009,18.3393564592758,
ITA,2010,18.3313335085385,
ITA,2011,18.3411134362376,
ITA,2012,18.3645273207249,
ITA,2013,18.4017263806226,
ITA,2014,18.4732814885608,
ITA,2015,18.5761570244401,
ITA,2016,18.6870769821481,
ITA,2017,18.7984794304054,
ITA,2018,18.914618632685,
ITA,2019,19.0043389416958,
ITA,2020,19.1394227994078,
ITA,2021,19.2801137189104,
ITA,2022,19.3614794349248,
ITA,2023,19.4146328909415,
ITA,2024,19.4704538064955,
ITA,2025,19.5305896279929,
JOR,1960,25.5559942868592,
JOR,1961,26.5437153447394,
JOR,1962,27.0869083540126,
JOR,1963,27.2987892931349,
JOR,1964,27.3898265806651,
JOR,1965,27.2210398020811,
JOR,1966,26.7984317186598,
JOR,1967,26.1988242448176,
JOR,1968,25.5314544686184,
JOR,1969,25.024641911615,
JOR,1970,24.7797194285835,
JOR,1971,24.8031632470086,
JOR,1972,25.0406665286328,
JOR,1973,25.4020316136267,
JOR,1974,25.8376821869722,
JOR,1975,26.3266730031516,
JOR,1976,26.8638126175519,
JOR,1977,27.4099282714926,
JOR,1978,27.9439142443709,
JOR,1979,28.440323100337,
JOR,1980,28.4534054013408,
JOR,1981,28.145612352006,
JOR,1982,27.769479675326,
JOR,1983,27.3493116914902,
JOR,1984,26.9164210634169,
JOR,1985,26.4757935951001,
JOR,1986,26.0331071275276,
JOR,1987,25.5937556806362,
JOR,1988,25.1538424679435,
JOR,1989,24.6881816990369,
JOR,1990,23.5094596549664,
JOR,1991,22.3937071105084,
JOR,1992,21.8715151538644,
JOR,1993,21.3782135316765,
JOR,1994,20.9825654633681,
JOR,1995,20.5017322882366,
JOR,1996,20.0043521486749,
JOR,1997,19.6426083742793,
JOR,1998,19.3601281416746,
JOR,1999,19.1127964212261,
JOR,2000,18.8832074580305,
JOR,2001,18.6588612182741,
JOR,2002,18.4278995296708,
JOR,2003,18.1804818953128,
JOR,2004,17.901055429381,
JOR,2005,18.1491700841202,
JOR,2006,17.8776672452858,
JOR,2007,17.6725777537498,
JOR,2008,18.1261128611049,
JOR,2009,18.6268553392983,
JOR,2010,19.1424389303996,
JOR,2011,19.6073110294283,
JOR,2012,20.3000028864681,
JOR,2013,20.2348179242021,
JOR,2014,19.3139446137327,
JOR,2015,18.6801636798698,
JOR,2016,18.7110067020328,
JOR,2017,19.2109105270882,
JOR,2018,19.7335271975413,
JOR,2019,19.7575949754359,
JOR,2020,19.7721851764178,
JOR,2021,19.7187854791586,
JOR,2022,19.6298185285827,
JOR,2023,19.513929848146,
JOR,2024,19.4989368880961,
JOR,2025,19.7317884945026,
JPN,1960,40.2494603930656,
JPN,1961,41.7156536069321,
JPN,1962,43.2279565588362,
JPN,1963,44.7619228362878,
JPN,1964,46.345503235194,
JPN,1965,47.9667867935315,
JPN,1966,49.0636462959404,
JPN,1967,49.8986123209083,
JPN,1968,50.7049212462009,
JPN,1969,51.4907032939082,
JPN,1970,52.3122646344884,
JPN,1971,52.4177318183108,
JPN,1972,52.8859349927231,
JPN,1973,53.3554131748645,
JPN,1974,53.8764900782484,
JPN,1975,54.4376193165013,
JPN,1976,54.6402154732875,
JPN,1977,54.7384431642546,
JPN,1978,54.8705620773977,
JPN,1979,55.0389274311847,
JPN,1980,55.2420205980806,
JPN,1981,55.3968196768683,
JPN,1982,55.5451941255908,
JPN,1983,55.6933457383054,
JPN,1984,55.8694827744144,
JPN,1985,56.0576901114725,
JPN,1986,56.40396519649,
JPN,1987,56.8165291761217,
JPN,1988,57.2712134314477,
JPN,1989,57.7374513484306,
JPN,1990,58.2484466868592,
JPN,1991,58.4823618147204,
JPN,1992,58.6475451074945,
JPN,1993,58.8399418404377,
JPN,1994,59.0601974787902,
JPN,1995,59.307866296863,
JPN,1996,59.354265766518,
JPN,1997,59.3253480568314,
JPN,1998,59.2783931962025,
JPN,1999,59.2859592043023,
JPN,2000,59.3044495951688,
JPN,2001,59.5007904112498,
JPN,2002,59.7904115500804,
JPN,2003,60.1082212374137,
JPN,2004,60.5549659129155,
JPN,2005,61.0381676880092,
JPN,2006,61.3907104979117,
JPN,2007,61.6772978336107,
JPN,2008,62.0102996181567,
JPN,2009,62.3855428085,
JPN,2010,62.748012805497,
JPN,2011,63.0554715918425,
JPN,2012,63.2852799912246,
JPN,2013,63.5060841931814,
JPN,2014,63.7207847512492,
JPN,2015,63.9195507350107,
JPN,2016,64.0841960716422,
JPN,2017,64.2693444223923,
JPN,2018,64.4843743839257,
JPN,2019,64.5301888133425,
JPN,2020,64.6611962522077,
JPN,2021,64.8823817820323,
JPN,2022,65.0747709556242,
JPN,2023,65.2768139843146,
JPN,2024,65.4309314387936,
JPN,2025,65.6076937239824,
KAZ,1960,6.7751143931255,
KAZ,1961,6.80407736126302,
KAZ,1962,6.83759740600589,
KAZ,1963,6.87730511475537,
KAZ,1964,6.92811592256126,
KAZ,1965,6.99123265754786,
KAZ,1966,7.06539797319317,
KAZ,1967,7.14580814866302,
KAZ,1968,7.23298119348622,
KAZ,1969,7.33599414027988,
KAZ,1970,7.42648173689838,
KAZ,1971,7.48739457176073,
KAZ,1972,7.55173142755932,
KAZ,1973,7.62540712641866,
KAZ,1974,7.70868188281008,
KAZ,1975,7.79560060647363,
KAZ,1976,7.85729399321567,
KAZ,1977,7.89118016005418,
KAZ,1978,7.92839097204044,
KAZ,1979,7.95936441997354,
KAZ,1980,7.96982158390423,
KAZ,1981,7.98328952360889,
KAZ,1982,7.99830499667745,
KAZ,1983,8.0126131535367,
KAZ,1984,8.02505153010602,
KAZ,1985,8.03461274311354,
KAZ,1986,8.02316859769059,
KAZ,1987,7.99723978783516,
KAZ,1988,7.9791525834197,
KAZ,1989,7.96061049079624,
KAZ,1990,7.94830772947316,
KAZ,1991,7.95179586309076,
KAZ,1992,7.98833990812124,
KAZ,1993,8.0772586763358,
KAZ,1994,8.25023405911755,
KAZ,1995,8.47022474354677,
KAZ,1996,8.70011970618713,
KAZ,1997,8.97201570928486,
KAZ,1998,9.27115882535452,
KAZ,1999,9.55518917920785,
KAZ,2000,9.87605849725661,
KAZ,2001,10.1973670271676,
KAZ,2002,10.5358372022365,
KAZ,2003,10.8903703346207,
KAZ,2004,11.1694273855549,
KAZ,2005,11.353511500448,
KAZ,2006,11.5296680592231,
KAZ,2007,11.6971702531565,
KAZ,2008,11.8578275076439,
KAZ,2009,12.0708880214654,
KAZ,2010,12.403293735571,
KAZ,2011,12.7400254611478,
KAZ,2012,13.083012435033,
KAZ,2013,13.4307904843459,
KAZ,2014,13.7865722287222,
KAZ,2015,14.1509737052336,
KAZ,2016,14.5225010346555,
KAZ,2017,14.9011327567103,
KAZ,2018,15.3021696240589,
KAZ,2019,15.5153516049695,
KAZ,2020,15.7155662292758,
KAZ,2021,15.9009072457545,
KAZ,2022,16.0318277237155,
KAZ,2023,16.1267300944452,
KAZ,2024,16.216139305772,
KAZ,2025,16.2859387037479,
KEN,1960,5.88571710004552,
KEN,1961,6.06743809598924,
KEN,1962,6.25002711069405,
KEN,1963,6.34756421874853,
KEN,1964,6.4320917007623,
KEN,1965,6.51336388494506,
KEN,1966,6.59604997666142,
KEN,1967,6.68124015125224,
KEN,1968,6.76908433576646,
KEN,1969,6.859341142509,
KEN,1970,6.90205317346409,
KEN,1971,6.95088364448468,
KEN,1972,7.01147626670686,
KEN,1973,7.07391904999155,
KEN,1974,7.14244398541462,
KEN,1975,7.21666476337383,
KEN,1976,7.29801915412101,
KEN,1977,7.37442891202669,
KEN,1978,7.44342856086791,
KEN,1979,7.51176566391124,
KEN,1980,7.56462903204359,
KEN,1981,7.61314620413677,
KEN,1982,7.66267924160948,
KEN,1983,7.70712863016319,
KEN,1984,7.75084680419118,
KEN,1985,7.79705806257007,
KEN,1986,7.84935075219406,
KEN,1987,7.90662305802224,
KEN,1988,7.96520208001238,
KEN,1989,8.02534211960937,
KEN,1990,8.10889922709257,
KEN,1991,8.21293997077117,
KEN,1992,8.3336299946765,
KEN,1993,8.46337575687215,
KEN,1994,8.6015230615308,
KEN,1995,8.74777378376333,
KEN,1996,8.90497078156689,
KEN,1997,9.06590289977485,
KEN,1998,9.22806611742701,
KEN,1999,9.38166253932277,
KEN,2000,9.45489149358954,
KEN,2001,9.50364921027339,
KEN,2002,9.55224744197085,
KEN,2003,9.60701466883778,
KEN,2004,9.66075834283853,
KEN,2005,9.71705489287719,
KEN,2006,9.77669688343878,
KEN,2007,9.83921196011741,
KEN,2008,9.9019544052952,
KEN,2009,9.96500497873104,
KEN,2010,10.0410237689197,
KEN,2011,10.1330213919533,
KEN,2012,10.2404665771652,
KEN,2013,10.3631952765869,
KEN,2014,10.5014305741579,
KEN,2015,10.6535018743207,
KEN,2016,10.8099248754983,
KEN,2017,10.9724026899921,
KEN,2018,11.1533632081211,
KEN,2019,11.3474047048223,
KEN,2020,11.5495287446119,
KEN,2021,11.7685139973821,
KEN,2022,11.9954429348376,
KEN,2023,12.2256557459122,
KEN,2024,12.4685945854606,
KEN,2025,12.7240340515055,
KHM,1960,7.14279685414551,
KHM,1961,7.03441360949804,
KHM,1962,6.9602099706576,
KHM,1963,7.02892490309994,
KHM,1964,7.10464772497561,
KHM,1965,7.18017538361563,
KHM,1966,7.25662255500197,
KHM,1967,8.45014577738253,
KHM,1968,9.84252528557406,
KHM,1969,11.4585694332467,
KHM,1970,13.555886854736,
KHM,1971,16.1768979350177,
KHM,1972,19.1031581899961,
KHM,1973,22.5064045630342,
KHM,1974,26.6121352038259,
KHM,1975,1.51944025036729,
KHM,1976,1.62999424123035,
KHM,1977,1.76411926081286,
KHM,1978,1.91877701757964,
KHM,1979,1.96509673778221,
KHM,1980,4.58217048419653,
KHM,1981,7.072104335419,
KHM,1982,7.10734540595744,
KHM,1983,7.08766167577711,
KHM,1984,7.06618875208144,
KHM,1985,7.06511137147049,
KHM,1986,7.3074202001275,
KHM,1987,7.53420646938001,
KHM,1988,7.80305207828404,
KHM,1989,8.0826349376042,
KHM,1990,8.33926347624978,
KHM,1991,8.31752928702915,
KHM,1992,8.19308763388714,
KHM,1993,8.01960823227292,
KHM,1994,8.2258326025672,
KHM,1995,8.34341718123986,
KHM,1996,8.51261009122075,
KHM,1997,8.7386532966692,
KHM,1998,9.01942607723409,
KHM,1999,9.11239615478278,
KHM,2000,9.21739712362113,
KHM,2001,9.32557168773133,
KHM,2002,9.43718596952014,
KHM,2003,9.55312280284497,
KHM,2004,9.67446601973268,
KHM,2005,9.79818593395649,
KHM,2006,9.92204869731186,
KHM,2007,10.0475155995223,
KHM,2008,10.1831226275003,
KHM,2009,10.3396487030366,
KHM,2010,10.5011776651735,
KHM,2011,10.6692615915793,
KHM,2012,10.8420326816475,
KHM,2013,11.0181350183201,
KHM,2014,11.1985226513713,
KHM,2015,11.3843847224883,
KHM,2016,11.5735242530927,
KHM,2017,11.7748472442497,
KHM,2018,11.9962294437895,
KHM,2019,12.2199978836626,
KHM,2020,12.4227092158943,
KHM,2021,12.6284463487607,
KHM,2022,12.8559439739877,
KHM,2023,13.0923651907612,
KHM,2024,13.3380948058771,
KHM,2025,13.5914581267507,
KOR,1960,21.8102008230006,
KOR,1961,22.424281329659,
KOR,1962,23.0689438362948,
KOR,1963,23.7590606354024,
KOR,1964,24.5228737476618,
KOR,1965,25.3357240705817,
KOR,1966,26.1952587908011,
KOR,1967,27.4126934391752,
KOR,1968,28.80222458422,
KOR,1969,30.2866105681457,
KOR,1970,31.8894611481275,
KOR,1971,33.0864791411315,
KOR,1972,34.1756969009717,
KOR,1973,35.3463077559201,
KOR,1974,36.5941705854556,
KOR,1975,37.9139572670346,
KOR,1976,38.9435793491408,
KOR,1977,39.8803986455488,
KOR,1978,40.8602299455614,
KOR,1979,41.8671609567329,
KOR,1980,42.8855510767231,
KOR,1981,43.7135877651585,
KOR,1982,44.4601574028529,
KOR,1983,45.2565587974644,
KOR,1984,46.1850797441843,
KOR,1985,47.2512840349143,
KOR,1986,48.2396643405293,
KOR,1987,49.2073892242242,
KOR,1988,50.2088981561741,
KOR,1989,51.2311869117034,
KOR,1990,52.2886375309799,
KOR,1991,52.4876140136213,
KOR,1992,52.2257791117218,
KOR,1993,51.994681344529,
KOR,1994,51.7890175831748,
KOR,1995,51.6041683728631,
KOR,1996,51.4187875363696,
KOR,1997,51.2425103767759,
KOR,1998,51.2074070490916,
KOR,1999,51.2097848587535,
KOR,2000,51.1824629583605,
KOR,2001,51.0521728402714,
KOR,2002,50.9484489535213,
KOR,2003,50.8907271790702,
KOR,2004,50.9123825230538,
KOR,2005,51.045993757212,
KOR,2006,50.9362014663936,
KOR,2007,50.790748218118,
KOR,2008,50.52141988084,
KOR,2009,50.3804476509666,
KOR,2010,50.2525542179022,
KOR,2011,50.0691496291761,
KOR,2012,50.0492640884825,
KOR,2013,50.0663201153355,
KOR,2014,49.9995280477479,
KOR,2015,49.9855855970996,
KOR,2016,50.0396180601499,
KOR,2017,50.1542339419575,
KOR,2018,50.1949556788324,
KOR,2019,50.1573713515329,
KOR,2020,50.2267168727268,
KOR,2021,50.4320581259184,
KOR,2022,50.6693328911129,
KOR,2023,50.7752430794503,
KOR,2024,50.8861585747076,
KOR,2025,51.1042987612317,
KWT,1960,57.4480807561242,
KWT,1961,57.3562271459336,
KWT,1962,57.235029026351,
KWT,1963,57.2154390756008,
KWT,1964,57.4475550341883,
KWT,1965,58.1040113282704,
KWT,1966,59.8360083131036,
KWT,1967,61.7165720144757,
KWT,1968,63.7828696729464,
KWT,1969,66.2082428227558,
KWT,1970,68.2845680583947,
KWT,1971,66.7103237172225,
KWT,1972,65.4989612669935,
KWT,1973,64.4009025688025,
KWT,1974,63.3359207817047,
KWT,1975,62.2741462063622,
KWT,1976,61.4889485208843,
KWT,1977,60.6794152412158,
KWT,1978,59.990047145493,
KWT,1979,59.4953052797514,
KWT,1980,59.2240603622319,
KWT,1981,58.9366348664226,
KWT,1982,58.7848274866464,
KWT,1983,58.6733322058482,
KWT,1984,58.869669048184,
KWT,1985,59.2171433217086,
KWT,1986,59.3750633707136,
KWT,1987,59.5635447546364,
KWT,1988,59.8134076479817,
KWT,1989,60.1168539974421,
KWT,1990,82.6119600977909,
KWT,1991,100.0,
KWT,1992,79.3996309392089,
KWT,1993,72.825540277164,
KWT,1994,68.6288010834188,
KWT,1995,65.1387173337346,
KWT,1996,65.5143835038486,
KWT,1997,65.6172263203264,
KWT,1998,65.8204025154232,
KWT,1999,66.1175349862897,
KWT,2000,66.5119462794718,
KWT,2001,66.9971082419834,
KWT,2002,67.5878433417121,
KWT,2003,68.2899177726137,
KWT,2004,69.1202046984221,
KWT,2005,69.205351602387,
KWT,2006,68.8599939189752,
KWT,2007,68.3008046215798,
KWT,2008,67.9626132553072,
KWT,2009,67.8025701452772,
KWT,2010,67.7396197286649,
KWT,2011,66.9480537306077,
KWT,2012,66.1130038005951,
KWT,2013,66.1609239179393,
KWT,2014,66.5960878109352,
KWT,2015,66.9721330192089,
KWT,2016,67.4669888034653,
KWT,2017,68.3957541279846,
KWT,2018,69.1398086973215,
KWT,2019,68.7139996344249,
KWT,2020,70.7810003347524,
KWT,2021,72.8597422759017,
KWT,2022,70.5615447650286,
KWT,2023,67.9471177025685,
KWT,2024,68.4791076158254,
KWT,2025,69.9853328614198,
LAC,1960,23.1038063835847,
LAC,1961,23.5199713545116,
LAC,1962,23.9383483078378,
LAC,1963,24.3706142424117,
LAC,1964,24.8214068449901,
LAC,1965,25.2632095115174,
LAC,1966,25.7304553799156,
LAC,1967,26.2247207882469,
LAC,1968,26.74938308412,
LAC,1969,27.300019931188,
LAC,1970,27.8645161671732,
LAC,1971,28.3011995511615,
LAC,1972,28.701744710581,
LAC,1973,29.0882573834156,
LAC,1974,29.454169257509,
LAC,1975,29.8249751896109,
LAC,1976,30.219676295429,
LAC,1977,30.6283578160082,
LAC,1978,31.0545737383867,
LAC,1979,31.5039370901874,
LAC,1980,31.9735162013715,
LAC,1981,32.1497314086637,
LAC,1982,32.2661426549079,
LAC,1983,32.3775682207845,
LAC,1984,32.5012910986393,
LAC,1985,32.6444331095969,
LAC,1986,32.8074506279386,
LAC,1987,32.9898566942766,
LAC,1988,33.1916903690403,
LAC,1989,33.4096591676681,
LAC,1990,33.626064092871,
LAC,1991,33.7989437190629,
LAC,1992,33.925852077715,
LAC,1993,34.0477798912913,
LAC,1994,34.1861999848786,
LAC,1995,34.3438297214256,
LAC,1996,34.5164235462506,
LAC,1997,34.6985488454664,
LAC,1998,34.8936957283558,
LAC,1999,35.1068156900886,
LAC,2000,35.3314891521987,
LAC,2001,35.4393645312304,
LAC,2002,35.5482545612698,
LAC,2003,35.6665043175721,
LAC,2004,35.8003760847741,
LAC,2005,35.9462203781768,
LAC,2006,36.1015082776854,
LAC,2007,36.2676269616864,
LAC,2008,36.4440619543716,
LAC,2009,36.6175052564382,
LAC,2010,36.6897690570445,
LAC,2011,36.8523216421618,
LAC,2012,37.0159335065797,
LAC,2013,37.1899057290125,
LAC,2014,37.3781197007026,
LAC,2015,37.5837319201999,
LAC,2016,37.7789876866029,
LAC,2017,37.994872809958,
LAC,2018,38.2377923222575,
LAC,2019,38.4052220948764,
LAC,2020,38.6031168404499,
LAC,2021,38.8437949793422,
LAC,2022,39.0711310242901,
LAC,2023,39.2560847711713,
LAC,2024,39.4316321429758,
LAC,2025,39.6077065525913,
LBN,1960,31.2587006508003,
LBN,1961,32.0418964760519,
LBN,1962,32.8113331846094,
LBN,1963,33.6107000095416,
LBN,1964,34.4735373739931,
LBN,1965,35.0894351912625,
LBN,1966,35.7275190153892,
LBN,1967,36.4207961912893,
LBN,1968,37.1369080396476,
LBN,1969,37.8534283955692,
LBN,1970,38.6755201134564,
LBN,1971,40.8889864506355,
LBN,1972,44.11085818429,
LBN,1973,47.6075765613978,
LBN,1974,51.4383240645344,
LBN,1975,55.6960126481932,
LBN,1976,55.8915579087824,
LBN,1977,56.0448273178008,
LBN,1978,55.7144588019479,
LBN,1979,55.4225560988471,
LBN,1980,55.1164898499472,
LBN,1981,54.7960256312685,
LBN,1982,54.8293889452822,
LBN,1983,53.1336066347097,
LBN,1984,51.2087565625373,
LBN,1985,49.2670735406741,
LBN,1986,47.1532088117526,
LBN,1987,45.1292328731921,
LBN,1988,43.4197511816685,
LBN,1989,39.4997000242534,
LBN,1990,35.9517686899803,
LBN,1991,32.7084705220512,
LBN,1992,32.4669481617913,
LBN,1993,32.2838514000377,
LBN,1994,32.1482421071114,
LBN,1995,32.0089074376347,
LBN,1996,31.8564254168938,
LBN,1997,31.7174183168407,
LBN,1998,32.5259172966371,
LBN,1999,33.4147224728261,
LBN,2000,34.3397838931569,
LBN,2001,35.3083587654291,
LBN,2002,37.5890331900677,
LBN,2003,37.7933040887343,
LBN,2004,37.909594090726,
LBN,2005,38.0498648926956,
LBN,2006,38.2648065641564,
LBN,2007,38.3893414652575,
LBN,2008,38.6203509433028,
LBN,2009,38.9746823449854,
LBN,2010,39.479256094871,
LBN,2011,39.949176023642,
LBN,2012,39.7730636841922,
LBN,2013,37.0871896195936,
LBN,2014,34.3286187625946,
LBN,2015,34.4336141277772,
LBN,2016,36.0540149864148,
LBN,2017,37.8546841883805,
LBN,2018,39.8600194949332,
LBN,2019,41.5365597658783,
LBN,2020,42.5158854222382,
LBN,2021,42.5770733817851,
LBN,2022,42.3563349150812,
LBN,2023,41.9391519137548,
LBN,2024,41.3796197770499,
LBN,2025,40.6762652235153,
LBR,1960,6.5867091640179,
LBR,1961,7.54078256974935,
LBR,1962,8.42361861225908,
LBR,1963,8.73087646059113,
LBR,1964,9.04885421590552,
LBR,1965,9.3747773313217,
LBR,1966,9.7134288193068,
LBR,1967,10.0644491639276,
LBR,1968,10.4278343487402,
LBR,1969,10.8020047495637,
LBR,1970,11.1899969727465,
LBR,1971,11.5968131950691,
LBR,1972,12.0176058392268,
LBR,1973,12.4410515866501,
LBR,1974,12.9352505776697,
LBR,1975,13.5352349284493,
LBR,1976,14.1612989645091,
LBR,1977,14.8005202662033,
LBR,1978,15.4541709679708,
LBR,1979,16.1307685694498,
LBR,1980,16.8347541768757,
LBR,1981,17.5715334745607,
LBR,1982,18.3525478063619,
LBR,1983,19.1489492969765,
LBR,1984,20.5369040432299,
LBR,1985,22.9399711408728,
LBR,1986,25.6440190235178,
LBR,1987,28.6826805494969,
LBR,1988,32.1014278644234,
LBR,1989,35.9256558550959,
LBR,1990,46.8531484255511,
LBR,1991,61.3334505483722,
LBR,1992,45.6443812452924,
LBR,1993,34.6240544636369,
LBR,1994,27.3691491063887,
LBR,1995,21.3908412557476,
LBR,1996,37.4611441439706,
LBR,1997,33.3924025347816,
LBR,1998,29.075091643684,
LBR,1999,26.5089925023497,
LBR,2000,28.5347887396576,
LBR,2001,30.9425344687727,
LBR,2002,33.6710630991133,
LBR,2003,37.3071986438991,
LBR,2004,41.1797426076027,
LBR,2005,36.4139817601556,
LBR,2006,31.8359155113159,
LBR,2007,28.003488641474,
LBR,2008,25.670249408336,
LBR,2009,25.8098091111704,
LBR,2010,26.0157826400814,
LBR,2011,25.9561193581507,
LBR,2012,25.9980521572735,
LBR,2013,26.3876718895791,
LBR,2014,26.8142514076112,
LBR,2015,27.2529413999263,
LBR,2016,27.7043229803634,
LBR,2017,28.1913207566626,
LBR,2018,28.6830857766436,
LBR,2019,29.086184584754,
LBR,2020,29.463946046413,
LBR,2021,29.832984207283,
LBR,2022,30.197156530054,
LBR,2023,30.548161843616,
LBR,2024,30.9178973766649,
LBR,2025,31.3136188090255,
LBY,1960,11.6705852407076,
LBY,1961,11.7704645950148,
LBY,1962,11.8661372660238,
LBY,1963,11.9667048614665,
LBY,1964,12.125055098076,
LBY,1965,13.0361443779569,
LBY,1966,14.1329960093301,
LBY,1967,15.2982379613518,
LBY,1968,16.5268404393529,
LBY,1969,17.8013824205317,
LBY,1970,19.1323876194487,
LBY,1971,20.5597868433932,
LBY,1972,22.1048016455751,
LBY,1973,23.624563724806,
LBY,1974,23.2304680802776,
LBY,1975,22.5599209194744,
LBY,1976,21.8905960781806,
LBY,1977,21.2255768023479,
LBY,1978,20.5730270602118,
LBY,1979,19.9394467145312,
LBY,1980,19.3348689893464,
LBY,1981,18.7713275710578,
LBY,1982,18.7394909477511,
LBY,1983,19.2712426938599,
LBY,1984,19.5012339567732,
LBY,1985,19.3800825650305,
LBY,1986,19.3112316588602,
LBY,1987,19.2888945282014,
LBY,1988,19.301210192661,
LBY,1989,19.3373813010601,
LBY,1990,19.398079608318,
LBY,1991,19.4828360179562,
LBY,1992,19.5915309873044,
LBY,1993,19.7213844364463,
LBY,1994,19.8756873910341,
LBY,1995,20.0551148671355,
LBY,1996,19.9231141399926,
LBY,1997,19.7558601906276,
LBY,1998,19.5992416602862,
LBY,1999,19.4433999905712,
LBY,2000,19.258133002678,
LBY,2001,19.0383184368904,
LBY,2002,18.8064250845525,
LBY,2003,18.5635187256713,
LBY,2004,18.3109327969965,
LBY,2005,18.0541469427688,
LBY,2006,17.8109267382037,
LBY,2007,17.5702855982098,
LBY,2008,17.3209546093854,
LBY,2009,17.0821366092187,
LBY,2010,16.8540494770646,
LBY,2011,17.3853020311663,
LBY,2012,17.9707728736846,
LBY,2013,17.7364310788836,
LBY,2014,17.5193535277596,
LBY,2015,17.3590695026914,
LBY,2016,17.2157314260917,
LBY,2017,17.0614221883222,
LBY,2018,16.9037334347585,
LBY,2019,16.7013737382631,
LBY,2020,16.5368206967412,
LBY,2021,16.3946924917749,
LBY,2022,16.2771558756085,
LBY,2023,16.196923508201,
LBY,2024,16.1554299451445,
LBY,2025,16.1343718722997,
LCN,1960,23.474508844985,
LCN,1961,23.8730034859555,
LCN,1962,24.2691360121734,
LCN,1963,24.6791340010655,
LCN,1964,25.1085858771701,
LCN,1965,25.5323964612251,
LCN,1966,25.9827077280161,
LCN,1967,26.4610960772827,
LCN,1968,26.9702797565593,
LCN,1969,27.5047845818685,
LCN,1970,28.0524714100353,
LCN,1971,28.4801307939627,
LCN,1972,28.8741718490591,
LCN,1973,29.2551848438944,
LCN,1974,29.6169988073562,
LCN,1975,29.9847773493042,
LCN,1976,30.3767397263648,
LCN,1977,30.782998658484,
LCN,1978,31.2071552509449,
LCN,1979,31.6542087460474,
LCN,1980,32.1241302612563,
LCN,1981,32.3288495608353,
LCN,1982,32.4754952397881,
LCN,1983,32.6049369945086,
LCN,1984,32.7466090815686,
LCN,1985,32.906674449504,
LCN,1986,33.0858284176506,
LCN,1987,33.283848924639,
LCN,1988,33.5011588985139,
LCN,1989,33.7346758601957,
LCN,1990,33.9605684146665,
LCN,1991,34.1250564899679,
LCN,1992,34.2478928319692,
LCN,1993,34.3680890772853,
LCN,1994,34.5046631299242,
LCN,1995,34.6602488532579,
LCN,1996,34.8303447874548,
LCN,1997,35.009814206565,
LCN,1998,35.2036469664682,
LCN,1999,35.4158240434194,
LCN,2000,35.6396998985022,
LCN,2001,35.7452498887066,
LCN,2002,35.8509620213675,
LCN,2003,35.955464405272,
LCN,2004,36.0757108072088,
LCN,2005,36.2096079807421,
LCN,2006,36.3536070244252,
LCN,2007,36.508384237363,
LCN,2008,36.6727593424398,
LCN,2009,36.8342252755588,
LCN,2010,36.9003807359678,
LCN,2011,37.0532479675158,
LCN,2012,37.2076309253076,
LCN,2013,37.3718863599524,
LCN,2014,37.5503601547646,
LCN,2015,37.7453101250032,
LCN,2016,37.9289542332092,
LCN,2017,38.1291792637478,
LCN,2018,38.3560890774085,
LCN,2019,38.5043133883982,
LCN,2020,38.6926132585244,
LCN,2021,38.9278103298041,
LCN,2022,39.1514866527704,
LCN,2023,39.3325311452159,
LCN,2024,39.5037791113079,
LCN,2025,39.6773817383208,
LDC,1960,3.47784126684966,
LDC,1961,3.57408780184113,
LDC,1962,3.68627325642616,
LDC,1963,3.80405549850886,
LDC,1964,3.93160715299669,
LDC,1965,4.06597847467554,
LDC,1966,4.2088283811562,
LDC,1967,4.38669550698309,
LDC,1968,4.57768641510817,
LDC,1969,4.78268018413894,
LDC,1970,4.99676286806616,
LDC,1971,5.22691035642092,
LDC,1972,5.47090195094837,
LDC,1973,5.71286005329634,
LDC,1974,5.95951076752353,
LDC,1975,5.608165838678,
LDC,1976,5.78851129127706,
LDC,1977,5.97364885504437,
LDC,1978,6.1530006842449,
LDC,1979,6.31765984421113,
LDC,1980,6.53567815372581,
LDC,1981,6.75570611890631,
LDC,1982,6.92014703397906,
LDC,1983,7.08841875154535,
LDC,1984,7.27832494267941,
LDC,1985,7.47183938308531,
LDC,1986,7.6780011475303,
LDC,1987,7.88875670658693,
LDC,1988,8.10818786626778,
LDC,1989,8.3259766880453,
LDC,1990,8.56100952539014,
LDC,1991,8.79232292316516,
LDC,1992,8.89261363980634,
LDC,1993,8.98525723737276,
LDC,1994,9.0832300418938,
LDC,1995,9.19377113024879,
LDC,1996,9.38813614211036,
LDC,1997,9.51568340294965,
LDC,1998,9.64059028954438,
LDC,1999,9.76015668000439,
LDC,2000,9.91942955707744,
LDC,2001,10.0786553937775,
LDC,2002,10.2209349347145,
LDC,2003,10.3667351113611,
LDC,2004,10.5240443329607,
LDC,2005,10.644843264239,
LDC,2006,10.7694781901993,
LDC,2007,10.8496609301717,
LDC,2008,11.0090983859277,
LDC,2009,11.1786937287898,
LDC,2010,11.2741672416749,
LDC,2011,11.4430454468305,
LDC,2012,11.6097399221199,
LDC,2013,11.7781150860985,
LDC,2014,11.9438288814945,
LDC,2015,12.0944306016165,
LDC,2016,12.2453737316099,
LDC,2017,12.3955141835643,
LDC,2018,12.5447873567485,
LDC,2019,12.6913889904417,
LDC,2020,12.8404883469217,
LDC,2021,13.0024027894004,
LDC,2022,13.1770486385968,
LDC,2023,13.3576561503898,
LDC,2024,13.5415242897505,
LDC,2025,13.7258468712629,
LMY,1960,9.52845070111689,
LMY,1961,9.77297157879697,
LMY,1962,9.93877902662666,
LMY,1963,10.0542762345244,
LMY,1964,10.1832017602735,
LMY,1965,10.3234516440892,
LMY,1966,10.4395056857153,
LMY,1967,10.548121218643,
LMY,1968,10.6612337960954,
LMY,1969,10.7758300280709,
LMY,1970,10.8924194396976,
LMY,1971,11.0130837140852,
LMY,1972,11.1568509195437,
LMY,1973,11.304558321159,
LMY,1974,11.4596110896832,
LMY,1975,11.5586866205211,
LMY,1976,11.719959123309,
LMY,1977,11.8941624683991,
LMY,1978,12.0765349791871,
LMY,1979,12.2612571557021,
LMY,1980,12.4503785530714,
LMY,1981,12.5976014653082,
LMY,1982,12.7152346560886,
LMY,1983,12.8552654312104,
LMY,1984,13.0048729642519,
LMY,1985,13.1600653821966,
LMY,1986,13.3203048471175,
LMY,1987,13.4794926954646,
LMY,1988,13.64738012357,
LMY,1989,13.8226993261793,
LMY,1990,14.0114176669553,
LMY,1991,14.2342823871854,
LMY,1992,14.4429240813983,
LMY,1993,14.662689043117,
LMY,1994,14.9027842511937,
LMY,1995,15.1606891475243,
LMY,1996,15.4424088922858,
LMY,1997,15.7309669159841,
LMY,1998,16.0390029464351,
LMY,1999,16.3704486220665,
LMY,2000,16.7343954293778,
LMY,2001,16.9906792859307,
LMY,2002,17.1936973506188,
LMY,2003,17.4041093336489,
LMY,2004,17.6165814332317,
LMY,2005,17.832972623813,
LMY,2006,18.0593392064834,
LMY,2007,18.2880824443832,
LMY,2008,18.5438855459122,
LMY,2009,18.8072508632443,
LMY,2010,19.06635709025,
LMY,2011,19.2787260143405,
LMY,2012,19.4772064436875,
LMY,2013,19.684627125348,
LMY,2014,19.9064098054269,
LMY,2015,20.1521366913423,
LMY,2016,20.4057750892298,
LMY,2017,20.6532144901992,
LMY,2018,20.9166184343137,
LMY,2019,21.1664572256582,
LMY,2020,21.4315753877176,
LMY,2021,21.7177119359631,
LMY,2022,22.0167950505442,
LMY,2023,22.3065070498217,
LMY,2024,22.5758306163381,
LMY,2025,22.8334404035466,
LTE,1960,10.3733379500486,
LTE,1961,10.7002054779741,
LTE,1962,10.8620214105964,
LTE,1963,10.9143210538436,
LTE,1964,10.9903745752519,
LTE,1965,11.0788979122518,
LTE,1966,11.1215044020263,
LTE,1967,11.154561830348,
LTE,1968,11.1905671064802,
LTE,1969,11.2215602035945,
LTE,1970,11.2531028450663,
LTE,1971,11.2890661670357,
LTE,1972,11.3638731064719,
LTE,1973,11.4557533905865,
LTE,1974,11.5617332185639,
LTE,1975,11.6915647031012,
LTE,1976,11.8310202876592,
LTE,1977,11.996641691877,
LTE,1978,12.1790439669644,
LTE,1979,12.3714978913316,
LTE,1980,12.560838441934,
LTE,1981,12.7060291018691,
LTE,1982,12.8310589282664,
LTE,1983,12.9957904199865,
LTE,1984,13.1780065560311,
LTE,1985,13.3654471438151,
LTE,1986,13.5536395583095,
LTE,1987,13.74285602553,
LTE,1988,13.9431994045485,
LTE,1989,14.1519232722959,
LTE,1990,14.3864647185262,
LTE,1991,14.7188265785359,
LTE,1992,15.0710841549209,
LTE,1993,15.454074886362,
LTE,1994,15.8718752733209,
LTE,1995,16.3252878182784,
LTE,1996,16.8277859152147,
LTE,1997,17.3738442394186,
LTE,1998,17.9727613752938,
LTE,1999,18.6339966536025,
LTE,2000,19.3708793412199,
LTE,2001,19.8733206927248,
LTE,2002,20.2802934966793,
LTE,2003,20.701883606345,
LTE,2004,21.1430575863396,
LTE,2005,21.5987706000489,
LTE,2006,22.0700218300134,
LTE,2007,22.5558812029679,
LTE,2008,23.0598792870708,
LTE,2009,23.58936172285,
LTE,2010,24.1520087715314,
LTE,2011,24.6198750116313,
LTE,2012,25.0288072408362,
LTE,2013,25.4472389397128,
LTE,2014,25.8813175439174,
LTE,2015,26.3385010256694,
LTE,2016,26.8052483800156,
LTE,2017,27.2677430146757,
LTE,2018,27.7752369317682,
LTE,2019,28.2620472355068,
LTE,2020,28.791484192389,
LTE,2021,29.3527820777101,
LTE,2022,29.9075105460178,
LTE,2023,30.4518979095447,
LTE,2024,30.9699599763156,
LTE,2025,31.4683901391854,
MAR,1960,13.9504718005687,
MAR,1961,14.2067548760234,
MAR,1962,14.4626025822707,
MAR,1963,14.7336967229264,
MAR,1964,15.0277163469776,
MAR,1965,15.3167974037045,
MAR,1966,15.6061179379521,
MAR,1967,15.9005883016214,
MAR,1968,16.2071952137383,
MAR,1969,16.5257150768736,
MAR,1970,16.8574017467523,
MAR,1971,17.2088509054258,
MAR,1972,17.4090148807902,
MAR,1973,17.6073112601538,
MAR,1974,17.8137931504313,
MAR,1975,18.0241943430464,
MAR,1976,18.2427551962305,
MAR,1977,18.4559035936984,
MAR,1978,18.662040110113,
MAR,1979,18.8675012947369,
MAR,1980,19.063396023308,
MAR,1981,19.2527135182326,
MAR,1982,19.4500981904861,
MAR,1983,19.5014875101943,
MAR,1984,19.5406797272807,
MAR,1985,19.6026825235633,
MAR,1986,19.7063396375784,
MAR,1987,19.8491636647802,
MAR,1988,20.0087070398941,
MAR,1989,20.1822442270308,
MAR,1990,20.3680565005484,
MAR,1991,20.5735478031506,
MAR,1992,20.7970913438542,
MAR,1993,21.0373495788689,
MAR,1994,21.3003458121439,
MAR,1995,21.3541436824259,
MAR,1996,21.3628399797121,
MAR,1997,21.3789767862721,
MAR,1998,21.3986507973746,
MAR,1999,21.425852384216,
MAR,2000,21.465762319016,
MAR,2001,21.5134679961157,
MAR,2002,21.5721500361222,
MAR,2003,21.6429345704289,
MAR,2004,21.7125967072834,
MAR,2005,21.7085767825596,
MAR,2006,21.6921887098375,
MAR,2007,21.6798228000683,
MAR,2008,21.6699702313748,
MAR,2009,21.6624085746528,
MAR,2010,21.6526397128704,
MAR,2011,21.6424518181311,
MAR,2012,21.6403563086233,
MAR,2013,21.6497658266112,
MAR,2014,21.6745992811531,
MAR,2015,21.7136715797703,
MAR,2016,21.7496291128543,
MAR,2017,21.7863978934725,
MAR,2018,21.8464018732268,
MAR,2019,21.9307955301191,
MAR,2020,22.0290733094454,
MAR,2021,22.1469478554161,
MAR,2022,22.279918403526,
MAR,2023,22.4234428341475,
MAR,2024,22.5879701762338,
MAR,2025,22.7720573904712,
MDG,1960,4.93241184896427,
MDG,1961,4.96853125658815,
MDG,1962,5.00582264610013,
MDG,1963,5.04390350730338,
MDG,1964,5.08257430558728,
MDG,1965,5.12036536133667,
MDG,1966,5.16226309484375,
MDG,1967,5.23343490069072,
MDG,1968,5.30302657911457,
MDG,1969,5.37004241974514,
MDG,1970,5.43493460659415,
MDG,1971,5.49726679854672,
MDG,1972,5.58803731427042,
MDG,1973,5.67804987014356,
MDG,1974,5.76866586077841,
MDG,1975,5.8614459948502,
MDG,1976,5.97378833774967,
MDG,1977,6.08701521726439,
MDG,1978,6.2023057472371,
MDG,1979,6.31958662243017,
MDG,1980,6.44049454854258,
MDG,1981,6.56545185688432,
MDG,1982,6.6951038595072,
MDG,1983,6.82845672537886,
MDG,1984,6.96659447138748,
MDG,1985,7.10759999240881,
MDG,1986,7.25444140682883,
MDG,1987,7.40574318174474,
MDG,1988,7.5588712992752,
MDG,1989,7.71150067689033,
MDG,1990,7.8643529389027,
MDG,1991,8.01725278897439,
MDG,1992,8.17202268283328,
MDG,1993,8.32522753629613,
MDG,1994,8.33288893296165,
MDG,1995,8.32268957799203,
MDG,1996,8.30829722954306,
MDG,1997,8.29010352606603,
MDG,1998,8.27093352574063,
MDG,1999,8.2538639715519,
MDG,2000,8.24324375052145,
MDG,2001,8.23961736726704,
MDG,2002,8.21208629353319,
MDG,2003,8.18950285897617,
MDG,2004,8.16846896543422,
MDG,2005,8.1458239418797,
MDG,2006,8.32892189609713,
MDG,2007,8.51754278337225,
MDG,2008,8.71102531848838,
MDG,2009,8.90756977214757,
MDG,2010,9.11164414375833,
MDG,2011,9.32687765913164,
MDG,2012,9.55488513171564,
MDG,2013,9.79163633603478,
MDG,2014,10.0388671650067,
MDG,2015,10.2965929281745,
MDG,2016,10.5644485476448,
MDG,2017,10.8403439924967,
MDG,2018,11.1234596521555,
MDG,2019,11.3764590326268,
MDG,2020,11.6344431060558,
MDG,2021,11.8954468585737,
MDG,2022,12.1558244022023,
MDG,2023,12.412720991955,
MDG,2024,12.6659520507396,
MDG,2025,12.9166048424532,
MEA,1960,14.2818621571687,
MEA,1961,14.6228264406305,
MEA,1962,14.9480349514566,
MEA,1963,15.2920048666704,
MEA,1964,15.6594841492068,
MEA,1965,16.040737008925,
MEA,1966,16.390849380972,
MEA,1967,16.6562909653319,
MEA,1968,16.9317535854152,
MEA,1969,17.2139341416725,
MEA,1970,17.5039082232185,
MEA,1971,17.8133612920253,
MEA,1972,18.1403239648031,
MEA,1973,18.4551210773272,
MEA,1974,18.7615183349077,
MEA,1975,19.0406006834812,
MEA,1976,19.257927882589,
MEA,1977,19.4492922907466,
MEA,1978,19.6073776614168,
MEA,1979,19.761207233725,
MEA,1980,19.9000424485973,
MEA,1981,20.0112496011018,
MEA,1982,20.0822794778767,
MEA,1983,20.1246829353442,
MEA,1984,20.1664212321818,
MEA,1985,20.2212034053552,
MEA,1986,20.2929303031731,
MEA,1987,20.325239293414,
MEA,1988,20.3725966973892,
MEA,1989,20.4106723648143,
MEA,1990,20.5011312000916,
MEA,1991,20.5821621179471,
MEA,1992,20.6474256075514,
MEA,1993,20.7007654836212,
MEA,1994,20.7698759102468,
MEA,1995,20.8359046627734,
MEA,1996,20.9112986541687,
MEA,1997,20.9654045057574,
MEA,1998,21.0115932994702,
MEA,1999,21.0457376917045,
MEA,2000,21.093316829258,
MEA,2001,21.1449404382705,
MEA,2002,21.219012357433,
MEA,2003,21.2681895126277,
MEA,2004,21.2445339715119,
MEA,2005,21.2390357287867,
MEA,2006,21.2437334083998,
MEA,2007,21.2615242410709,
MEA,2008,21.3306805135729,
MEA,2009,21.4034572082105,
MEA,2010,21.5237840806606,
MEA,2011,21.3875795590401,
MEA,2012,21.3273264942111,
MEA,2013,21.3238600590439,
MEA,2014,21.39509731152,
MEA,2015,21.5899082984435,
MEA,2016,21.8512813464019,
MEA,2017,22.060580399918,
MEA,2018,22.2906504601878,
MEA,2019,22.3967223693704,
MEA,2020,22.4686511662441,
MEA,2021,22.6079730364036,
MEA,2022,22.6562776071085,
MEA,2023,22.6869145767077,
MEA,2024,22.7314500002016,
MEA,2025,22.7940821450483,
MEX,1960,26.1324482230787,
MEX,1961,26.5764677745263,
MEX,1962,27.0072963413512,
MEX,1963,27.4375597802942,
MEX,1964,27.8725805382446,
MEX,1965,28.3074581308767,
MEX,1966,28.7508201486268,
MEX,1967,29.2062616270227,
MEX,1968,29.6818181255582,
MEX,1969,30.1798335488857,
MEX,1970,30.609372009062,
MEX,1971,30.9260120446707,
MEX,1972,31.2686238547324,
MEX,1973,31.6324360283142,
MEX,1974,32.0252674151283,
MEX,1975,32.449213663737,
MEX,1976,32.9111674413764,
MEX,1977,33.4063014491459,
MEX,1978,33.9367704857619,
MEX,1979,34.5058867354371,
MEX,1980,35.0891646392126,
MEX,1981,35.2743118268351,
MEX,1982,35.516231962002,
MEX,1983,35.788901233326,
MEX,1984,36.0936503791769,
MEX,1985,36.4247873904031,
MEX,1986,36.7850527899899,
MEX,1987,37.1722048850033,
MEX,1988,37.5891679547251,
MEX,1989,38.0391445453456,
MEX,1990,38.405028630103,
MEX,1991,38.5193102801672,
MEX,1992,38.6498585870532,
MEX,1993,38.7968807789489,
MEX,1994,38.9628531869626,
MEX,1995,39.1456746353596,
MEX,1996,39.3509667245853,
MEX,1997,39.5783900115215,
MEX,1998,39.8282065612283,
MEX,1999,40.0985918786546,
MEX,2000,40.2671885679281,
MEX,2001,40.2448297761401,
MEX,2002,40.2429382007185,
MEX,2003,40.258356803844,
MEX,2004,40.289294615614,
MEX,2005,40.3268429111451,
MEX,2006,40.3645894957101,
MEX,2007,40.3819521438692,
MEX,2008,40.3804833604,
MEX,2009,40.3781407634042,
MEX,2010,40.389050208145,
MEX,2011,40.4329835371892,
MEX,2012,40.5025790157644,
MEX,2013,40.5960989533416,
MEX,2014,40.7274675259715,
MEX,2015,40.917967648192,
MEX,2016,41.0143925526025,
MEX,2017,41.1266122834935,
MEX,2018,41.237481477934,
MEX,2019,41.3556200504215,
MEX,2020,41.5396174801115,
MEX,2021,41.8011595436543,
MEX,2022,42.0395642848777,
MEX,2023,42.2368627954674,
MEX,2024,42.4429685154417,
MEX,2025,42.6627938966357,
MIC,1960,9.86942731362653,
MIC,1961,10.1252924707964,
MIC,1962,10.2946107547816,
MIC,1963,10.4087955832221,
MIC,1964,10.5369994504942,
MIC,1965,10.6771504824025,
MIC,1966,10.7908214584378,
MIC,1967,10.8964921791459,
MIC,1968,11.0064044748071,
MIC,1969,11.1169189118572,
MIC,1970,11.2297697907391,
MIC,1971,11.3477479475056,
MIC,1972,11.4898769314869,
MIC,1973,11.6358041268072,
MIC,1974,11.7891373828652,
MIC,1975,11.8822888389781,
MIC,1976,12.0418437820147,
MIC,1977,12.2144213976764,
MIC,1978,12.3975069186498,
MIC,1979,12.5839764807954,
MIC,1980,12.7701817418869,
MIC,1981,12.9105989440056,
MIC,1982,13.0241042928316,
MIC,1983,13.1631519636273,
MIC,1984,13.3112396665046,
MIC,1985,13.4654557411341,
MIC,1986,13.6244084559636,
MIC,1987,13.7827222567053,
MIC,1988,13.951308191251,
MIC,1989,14.1279503834133,
MIC,1990,14.3166707440431,
MIC,1991,14.5415521742125,
MIC,1992,14.7672470313589,
MIC,1993,15.0077565085342,
MIC,1994,15.2695270186092,
MIC,1995,15.5489646882643,
MIC,1996,15.8455067967316,
MIC,1997,16.158344478676,
MIC,1998,16.4930342221902,
MIC,1999,16.8542623210259,
MIC,2000,17.2462627354211,
MIC,2001,17.5220771668417,
MIC,2002,17.7434001214783,
MIC,2003,17.973942895108,
MIC,2004,18.2055161406393,
MIC,2005,18.448272289373,
MIC,2006,18.7033392093971,
MIC,2007,18.9698540291157,
MIC,2008,19.253427696601,
MIC,2009,19.5438721365586,
MIC,2010,19.830058533785,
MIC,2011,20.0906442291657,
MIC,2012,20.3277695105175,
MIC,2013,20.566834518044,
MIC,2014,20.8191360700479,
MIC,2015,21.0849687816994,
MIC,2016,21.3590026641783,
MIC,2017,21.6399158119231,
MIC,2018,21.9414110196802,
MIC,2019,22.2294500847412,
MIC,2020,22.5350147205469,
MIC,2021,22.8631007307505,
MIC,2022,23.2050017015186,
MIC,2023,23.5363740966056,
MIC,2024,23.844088210772,
MIC,2025,24.1389529313123,
MLI,1960,2.40658577893772,
MLI,1961,2.45853780259064,
MLI,1962,2.52101172609153,
MLI,1963,2.58514629587159,
MLI,1964,2.65125106345848,
MLI,1965,2.71846536670102,
MLI,1966,2.79925939530386,
MLI,1967,2.89440361774997,
MLI,1968,2.99195509305556,
MLI,1969,3.25106220692995,
MLI,1970,3.53164962737028,
MLI,1971,3.83578156220876,
MLI,1972,4.16495083228378,
MLI,1973,4.51713220918385,
MLI,1974,4.89759711804267,
MLI,1975,5.3090265239253,
MLI,1976,5.75607252945311,
MLI,1977,6.05273263395647,
MLI,1978,6.20064509338003,
MLI,1979,6.34851678569966,
MLI,1980,6.49452261897095,
MLI,1981,6.63986139705796,
MLI,1982,6.78741517066882,
MLI,1983,6.93553967937867,
MLI,1984,7.09064969552051,
MLI,1985,7.25868014032326,
MLI,1986,7.4422973254766,
MLI,1987,7.63401083080564,
MLI,1988,7.80561820494372,
MLI,1989,7.97097713339803,
MLI,1990,8.13155925101565,
MLI,1991,8.2939580180816,
MLI,1992,8.45748277601811,
MLI,1993,8.6173597247546,
MLI,1994,8.77477957076686,
MLI,1995,8.93378882347368,
MLI,1996,9.09722984242373,
MLI,1997,9.25179601361763,
MLI,1998,9.41125628264036,
MLI,1999,9.64823158313824,
MLI,2000,9.8787468780522,
MLI,2001,10.1038115847691,
MLI,2002,10.3244534323998,
MLI,2003,10.542299913559,
MLI,2004,10.7591665013663,
MLI,2005,10.9748189756332,
MLI,2006,11.1950138594048,
MLI,2007,11.4187764023164,
MLI,2008,11.6480516213944,
MLI,2009,11.8241740699823,
MLI,2010,11.8251588973683,
MLI,2011,11.8280296573287,
MLI,2012,11.8684677915057,
MLI,2013,11.9078799847534,
MLI,2014,11.9193350464785,
MLI,2015,11.9345849211602,
MLI,2016,11.9453049766485,
MLI,2017,11.9534935906511,
MLI,2018,11.9692075591318,
MLI,2019,12.0053131691744,
MLI,2020,12.0553825680548,
MLI,2021,12.1187852941426,
MLI,2022,12.2090189939253,
MLI,2023,12.3242767813896,
MLI,2024,12.4621940107265,
MLI,2025,12.6209992126219,
MMR,1960,8.47843444046893,
MMR,1961,8.48636962716104,
MMR,1962,8.4937981394969,
MMR,1963,8.50034169907323,
MMR,1964,8.50621479303788,
MMR,1965,8.50975049621221,
MMR,1966,8.5131050692497,
MMR,1967,8.5168718516089,
MMR,1968,8.52129204296693,
MMR,1969,8.52600131983646,
MMR,1970,8.53182302397057,
MMR,1971,8.5404441199244,
MMR,1972,8.55192870321866,
MMR,1973,8.5684136793045,
MMR,1974,8.57935560671713,
MMR,1975,8.59165713526374,
MMR,1976,8.60632746824967,
MMR,1977,8.61953989872294,
MMR,1978,8.63081059454709,
MMR,1979,8.64359878576107,
MMR,1980,8.65799902995148,
MMR,1981,8.67483925810328,
MMR,1982,8.69687104922677,
MMR,1983,8.70963746684521,
MMR,1984,8.71686597456614,
MMR,1985,8.73042651786548,
MMR,1986,8.75511103104772,
MMR,1987,8.79111369409459,
MMR,1988,8.83648726881611,
MMR,1989,8.88752760513949,
MMR,1990,8.94385451170398,
MMR,1991,9.00839265008496,
MMR,1992,9.08016348190694,
MMR,1993,9.15461598645226,
MMR,1994,9.23150350481509,
MMR,1995,9.31125578677489,
MMR,1996,9.39375078496373,
MMR,1997,9.47705082166753,
MMR,1998,9.56403994207303,
MMR,1999,9.65748337647164,
MMR,2000,9.75933522629884,
MMR,2001,9.86787110541426,
MMR,2002,9.98312815836028,
MMR,2003,10.1066440852066,
MMR,2004,10.2401120641091,
MMR,2005,10.3825437491364,
MMR,2006,10.5330098994175,
MMR,2007,10.6878117490721,
MMR,2008,10.8624485653707,
MMR,2009,11.0387943525153,
MMR,2010,11.1971916341546,
MMR,2011,11.3513181553474,
MMR,2012,11.5036051406005,
MMR,2013,11.656375196075,
MMR,2014,11.8139048160918,
MMR,2015,11.9771717841097,
MMR,2016,12.1437352744975,
MMR,2017,12.3152223440367,
MMR,2018,12.4952003689453,
MMR,2019,12.6324466767766,
MMR,2020,12.7683856741866,
MMR,2021,12.9076101564756,
MMR,2022,13.0496619896572,
MMR,2023,13.1934230810851,
MMR,2024,13.3443795534213,
MMR,2025,13.5048322492015,
MNA,1960,13.6229767711725,
MNA,1961,13.9582448055996,
MNA,1962,14.2911475721213,
MNA,1963,14.6264279629884,
MNA,1964,14.9699260619983,
MNA,1965,15.3231973064572,
MNA,1966,15.6354612659414,
MNA,1967,15.8600325325104,
MNA,1968,16.0851886846087,
MNA,1969,16.3131173034478,
MNA,1970,16.5491562003715,
MNA,1971,16.816968085905,
MNA,1972,17.0966932494669,
MNA,1973,17.3636569697466,
MNA,1974,17.6137876112687,
MNA,1975,17.8535619896064,
MNA,1976,18.0354321600648,
MNA,1977,18.1932977939717,
MNA,1978,18.313974052109,
MNA,1979,18.429155877267,
MNA,1980,18.5255105278001,
MNA,1981,18.597659017394,
MNA,1982,18.6306149201642,
MNA,1983,18.6315053576556,
MNA,1984,18.6277647857663,
MNA,1985,18.636358649302,
MNA,1986,18.6607309915287,
MNA,1987,18.6403975023946,
MNA,1988,18.6293823575238,
MNA,1989,18.6032938165008,
MNA,1990,18.595195453248,
MNA,1991,18.6096609966209,
MNA,1992,18.63682057277,
MNA,1993,18.6702667306032,
MNA,1994,18.7324967254126,
MNA,1995,18.7841546676449,
MNA,1996,18.8391641641431,
MNA,1997,18.8866490429249,
MNA,1998,18.9229601608676,
MNA,1999,18.9449267895605,
MNA,2000,18.9846222532974,
MNA,2001,19.0320245368154,
MNA,2002,19.0991549017778,
MNA,2003,19.1403569942851,
MNA,2004,19.104652302987,
MNA,2005,19.0677181955838,
MNA,2006,19.0346307331836,
MNA,2007,19.0200538323289,
MNA,2008,19.0772751770046,
MNA,2009,19.1274375984303,
MNA,2010,19.16991647962,
MNA,2011,18.9998459255016,
MNA,2012,18.9064863828296,
MNA,2013,18.870933946256,
MNA,2014,18.878127765699,
MNA,2015,19.0434591338439,
MNA,2016,19.2618095077005,
MNA,2017,19.3866428057276,
MNA,2018,19.4982798470388,
MNA,2019,19.5675949356793,
MNA,2020,19.6451254943083,
MNA,2021,19.7344556577663,
MNA,2022,19.8275751641584,
MNA,2023,19.9141545888441,
MNA,2024,20.0085566883432,
MNA,2025,20.1215924028738,
MNG,1960,18.3166853349291,
MNG,1961,19.4872800916293,
MNG,1962,20.7464827681565,
MNG,1963,21.5445386340005,
MNG,1964,21.7584622907491,
MNG,1965,21.9472284178338,
MNG,1966,22.1241774464363,
MNG,1967,22.3076768844675,
MNG,1968,22.5168098997504,
MNG,1969,22.7465451514873,
MNG,1970,22.9770272189934,
MNG,1971,23.1932731410579,
MNG,1972,23.3953824238873,
MNG,1973,23.5814676891246,
MNG,1974,23.7575464195567,
MNG,1975,23.9264904293232,
MNG,1976,24.0951209083877,
MNG,1977,24.2721785001697,
MNG,1978,24.4874242652525,
MNG,1979,24.6870670017144,
MNG,1980,24.8423150055692,
MNG,1981,24.9986659834972,
MNG,1982,25.1574468847809,
MNG,1983,25.3146369892821,
MNG,1984,25.4676690413578,
MNG,1985,25.6089729244752,
MNG,1986,25.7377984895724,
MNG,1987,25.8530749456199,
MNG,1988,25.9658665659758,
MNG,1989,26.1452274637096,
MNG,1990,27.2401618136855,
MNG,1991,27.1777391285072,
MNG,1992,27.9458342367111,
MNG,1993,28.8011805295756,
MNG,1994,29.3189214372007,
MNG,1995,29.698217259303,
MNG,1996,30.1044431373747,
MNG,1997,30.5518053888949,
MNG,1998,31.0156729748443,
MNG,1999,31.479926493956,
MNG,2000,32.0362735151671,
MNG,2001,32.9255163166099,
MNG,2002,33.8211052797703,
MNG,2003,34.7457681785086,
MNG,2004,35.7504269633537,
MNG,2005,36.785342415472,
MNG,2006,37.816146041085,
MNG,2007,38.8227607279436,
MNG,2008,39.7648911301108,
MNG,2009,40.6360560585482,
MNG,2010,41.5479025582939,
MNG,2011,42.3920537397575,
MNG,2012,43.1250077032649,
MNG,2013,43.7921760214087,
MNG,2014,44.4184545105097,
MNG,2015,45.080056454469,
MNG,2016,45.8001279438083,
MNG,2017,46.5743936724912,
MNG,2018,47.3906306642159,
MNG,2019,47.5155867799501,
MNG,2020,47.6183005310164,
MNG,2021,47.7310172380215,
MNG,2022,47.8935553803016,
MNG,2023,48.0481852953554,
MNG,2024,48.211778977913,
MNG,2025,48.3301942460839,
MOZ,1960,2.98084735752816,
MOZ,1961,3.15754236762422,
MOZ,1962,3.34285883188193,
MOZ,1963,3.53806027375065,
MOZ,1964,3.74486169034278,
MOZ,1965,3.96203510440468,
MOZ,1966,4.19204573852405,
MOZ,1967,4.4354557870685,
MOZ,1968,4.69281846202265,
MOZ,1969,4.96365975199304,
MOZ,1970,5.24861141849966,
MOZ,1971,5.45307135482267,
MOZ,1972,5.57864518715486,
MOZ,1973,5.6997901106537,
MOZ,1974,5.82134675343784,
MOZ,1975,5.94256236127367,
MOZ,1976,6.06581861192968,
MOZ,1977,6.18512025701774,
MOZ,1978,6.30091587596826,
MOZ,1979,6.42516340613025,
MOZ,1980,6.62929912887196,
MOZ,1981,6.75592513809712,
MOZ,1982,6.8612704101783,
MOZ,1983,6.97562876113297,
MOZ,1984,7.09968549736382,
MOZ,1985,7.23344241816586,
MOZ,1986,7.37939191162687,
MOZ,1987,7.63037904869958,
MOZ,1988,7.93625559135781,
MOZ,1989,8.17172783241632,
MOZ,1990,8.36309829053139,
MOZ,1991,8.51613492719117,
MOZ,1992,8.67353699862693,
MOZ,1993,8.72533091854413,
MOZ,1994,8.46824829270314,
MOZ,1995,8.28317104757799,
MOZ,1996,8.32476983449427,
MOZ,1997,8.4114307614014,
MOZ,1998,8.40126308038816,
MOZ,1999,8.38282724086028,
MOZ,2000,8.37015468525514,
MOZ,2001,8.3570538764484,
MOZ,2002,8.34462915472865,
MOZ,2003,8.33243822668329,
MOZ,2004,8.32086167188995,
MOZ,2005,8.30827780683254,
MOZ,2006,8.29496215607314,
MOZ,2007,8.28109839350402,
MOZ,2008,8.3554103856834,
MOZ,2009,8.44258453282672,
MOZ,2010,8.53957099007858,
MOZ,2011,8.64444005525975,
MOZ,2012,8.76024114870314,
MOZ,2013,8.89169163611873,
MOZ,2014,9.04206627185206,
MOZ,2015,9.21223229001884,
MOZ,2016,9.40115641359976,
MOZ,2017,9.60495722686252,
MOZ,2018,9.43242902735221,
MOZ,2019,9.27927566173365,
MOZ,2020,9.14888105674668,
MOZ,2021,9.05122398905001,
MOZ,2022,8.99010866098939,
MOZ,2023,8.96442294313451,
MOZ,2024,8.97525121877989,
MOZ,2025,9.02212703968575,
MRT,1960,0.637390846514246,
MRT,1961,0.663698773409977,
MRT,1962,0.759678042853987,
MRT,1963,0.956321921419081,
MRT,1964,1.20343215935492,
MRT,1965,1.46737601999497,
MRT,1966,1.74017124549739,
MRT,1967,2.06247391275329,
MRT,1968,2.44457781140945,
MRT,1969,2.89541918755402,
MRT,1970,3.43015040834474,
MRT,1971,4.0642955556222,
MRT,1972,4.81822733672557,
MRT,1973,5.70990448880996,
MRT,1974,6.76961879973036,
MRT,1975,8.02791760938833,
MRT,1976,9.52448651903392,
MRT,1977,10.7141696361563,
MRT,1978,11.4259721852241,
MRT,1979,12.185239935844,
MRT,1980,12.9957538552132,
MRT,1981,13.8533974738888,
MRT,1982,14.7674573526624,
MRT,1983,15.7420650183663,
MRT,1984,16.7826797355978,
MRT,1985,17.8864783471309,
MRT,1986,19.0664075098397,
MRT,1987,20.3242459570475,
MRT,1988,21.3344332732174,
MRT,1989,21.3919459729865,
MRT,1990,21.4456538779575,
MRT,1991,21.4162741611096,
MRT,1992,21.1949897875377,
MRT,1993,20.9286271436508,
MRT,1994,20.8008254447524,
MRT,1995,20.8093193086383,
MRT,1996,20.978692114454,
MRT,1997,21.0949999709701,
MRT,1998,21.1353439333466,
MRT,1999,21.1587686656715,
MRT,2000,21.159727730605,
MRT,2001,21.4486180172916,
MRT,2002,21.9145529466107,
MRT,2003,22.3734014359507,
MRT,2004,22.8291985398081,
MRT,2005,23.2741159670493,
MRT,2006,23.7096089140779,
MRT,2007,24.130577528589,
MRT,2008,24.4932175069088,
MRT,2009,24.7952167304826,
MRT,2010,25.0867231009462,
MRT,2011,25.3681114967379,
MRT,2012,25.6492754696419,
MRT,2013,25.9637770538021,
MRT,2014,26.3146502780034,
MRT,2015,26.6718844042513,
MRT,2016,27.0361814069544,
MRT,2017,27.4082078563625,
MRT,2018,27.7893392443204,
MRT,2019,28.1793931026826,
MRT,2020,28.5782296199826,
MRT,2021,28.981637103754,
MRT,2022,29.3610660514718,
MRT,2023,29.7058342746087,
MRT,2024,30.0256799876968,
MRT,2025,30.3465714906591,
MWI,1960,0.291554832318762,
MWI,1961,0.314463546827993,
MWI,1962,0.339095086129416,
MWI,1963,0.365542316817356,
MWI,1964,0.394065501631724,
MWI,1965,0.424739579073751,
MWI,1966,0.457821314620601,
MWI,1967,0.514430357154477,
MWI,1968,0.580972257424189,
MWI,1969,0.65597861091254,
MWI,1970,0.74081603057784,
MWI,1971,0.836273849115867,
MWI,1972,0.943752916980803,
MWI,1973,1.06392205498949,
MWI,1974,1.19855982986527,
MWI,1975,1.34902684076971,
MWI,1976,1.51703425663154,
MWI,1977,1.70196419116496,
MWI,1978,1.81109482538435,
MWI,1979,1.89468826783135,
MWI,1980,1.97921037473452,
MWI,1981,2.06552520742109,
MWI,1982,2.15537111666988,
MWI,1983,2.24917108746263,
MWI,1984,2.3481993942295,
MWI,1985,2.45250054195862,
MWI,1986,2.56595855551396,
MWI,1987,2.6555212756901,
MWI,1988,2.68567306679498,
MWI,1989,2.72483658848633,
MWI,1990,2.78616303709716,
MWI,1991,2.87380614039071,
MWI,1992,2.96937991307221,
MWI,1993,3.11250732203659,
MWI,1994,3.34956763936741,
MWI,1995,3.56810665335188,
MWI,1996,3.72160466326669,
MWI,1997,3.87968795786039,
MWI,1998,4.03854357263069,
MWI,1999,4.1311105808901,
MWI,2000,4.20978651180785,
MWI,2001,4.28854060766366,
MWI,2002,4.36774227217174,
MWI,2003,4.44598538743844,
MWI,2004,4.52213337501621,
MWI,2005,4.59483314331562,
MWI,2006,4.66537578205613,
MWI,2007,4.73387421045564,
MWI,2008,4.7996707596804,
MWI,2009,4.86384628614981,
MWI,2010,4.92930107470676,
MWI,2011,4.99727416049581,
MWI,2012,5.06843691590168,
MWI,2013,5.14228104069493,
MWI,2014,5.2189454429548,
MWI,2015,5.29946088477967,
MWI,2016,5.38270901509585,
MWI,2017,5.46824049049555,
MWI,2018,5.55718101620993,
MWI,2019,5.64863349422404,
MWI,2020,5.7424307951392,
MWI,2021,5.84054936590331,
MWI,2022,5.94263777517015,
MWI,2023,6.04760638048354,
MWI,2024,6.1559842709997,
MWI,2025,6.27024881032331,
MYS,1960,4.31772868369147,
MYS,1961,4.32374872358102,
MYS,1962,4.32888489639592,
MYS,1963,4.33374873287639,
MYS,1964,4.33958293263812,
MYS,1965,4.34710980335692,
MYS,1966,4.35745390690565,
MYS,1967,4.37315315639397,
MYS,1968,4.39338462302529,
MYS,1969,4.41376947618606,
MYS,1970,4.43275151633758,
MYS,1971,4.66051892784474,
MYS,1972,4.91457440336954,
MYS,1973,5.1817267624765,
MYS,1974,5.46387943975246,
MYS,1975,5.76175867427179,
MYS,1976,6.0761966475681,
MYS,1977,6.40606834011413,
MYS,1978,6.75463493853947,
MYS,1979,7.12206864471595,
MYS,1980,7.48222937308308,
MYS,1981,7.82942089913855,
MYS,1982,8.19096035379104,
MYS,1983,8.56591044586809,
MYS,1984,8.95584520613816,
MYS,1985,9.35879133437161,
MYS,1986,9.78188460598668,
MYS,1987,10.2296117458923,
MYS,1988,10.7074792792948,
MYS,1989,11.2169987670226,
MYS,1990,11.7626921202068,
MYS,1991,12.3513394928838,
MYS,1992,12.8882408371159,
MYS,1993,13.443094596066,
MYS,1994,14.0252393916867,
MYS,1995,14.6329235060905,
MYS,1996,15.2711401156264,
MYS,1997,15.9399029287093,
MYS,1998,16.6447198171629,
MYS,1999,17.3930137869257,
MYS,2000,18.1840058279812,
MYS,2001,18.3534908536054,
MYS,2002,18.5155575503713,
MYS,2003,18.6888305573161,
MYS,2004,18.874866511049,
MYS,2005,19.0694126827566,
MYS,2006,19.2746784009287,
MYS,2007,19.4925852798106,
MYS,2008,19.7292758785899,
MYS,2009,19.9876493247342,
MYS,2010,20.2749805135272,
MYS,2011,20.5909538767162,
MYS,2012,20.9220151643651,
MYS,2013,21.2569585373496,
MYS,2014,21.5961246198504,
MYS,2015,21.9366545386039,
MYS,2016,22.2749517650143,
MYS,2017,22.6190676346915,
MYS,2018,22.9829527646514,
MYS,2019,23.2660356890768,
MYS,2020,23.5967373785164,
MYS,2021,23.9503250633073,
MYS,2022,24.2670308791981,
MYS,2023,24.54492642521,
MYS,2024,24.7924829051665,
MYS,2025,25.0161780149213,
NAC,1960,37.9539091973428,
NAC,1961,38.1166268902071,
NAC,1962,38.3142489471221,
NAC,1963,38.5528678328194,
NAC,1964,38.8165443578551,
NAC,1965,39.137474822531,
NAC,1966,39.4995771162653,
NAC,1967,39.8890696591884,
NAC,1968,40.3291018288553,
NAC,1969,40.7947743680293,
NAC,1970,41.0822905254974,
NAC,1971,40.9179045244904,
NAC,1972,40.8364182804068,
NAC,1973,40.8021190134536,
NAC,1974,40.7843403855057,
NAC,1975,40.7452792579677,
NAC,1976,40.7338402836505,
NAC,1977,40.7176537317715,
NAC,1978,40.6977210862089,
NAC,1979,40.6705634978234,
NAC,1980,40.7023538235084,
NAC,1981,40.7603802986886,
NAC,1982,40.8485564321982,
NAC,1983,40.964637498933,
NAC,1984,41.1068806471102,
NAC,1985,41.247314723321,
NAC,1986,41.3782881792861,
NAC,1987,41.5293428130499,
NAC,1988,41.6828573220745,
NAC,1989,41.8067080718765,
NAC,1990,41.9098621650512,
NAC,1991,42.0407107121305,
NAC,1992,42.1281477725011,
NAC,1993,42.2478807310358,
NAC,1994,42.40886426721,
NAC,1995,42.591317592869,
NAC,1996,42.7906261175219,
NAC,1997,42.9817017779718,
NAC,1998,43.2014441606298,
NAC,1999,43.4349267796153,
NAC,2000,43.6202438549891,
NAC,2001,43.6561273922093,
NAC,2002,43.7246838710529,
NAC,2003,43.8326474900913,
NAC,2004,43.9183735144322,
NAC,2005,44.0081899605781,
NAC,2006,44.0837195573044,
NAC,2007,44.1721093978027,
NAC,2008,44.263161058174,
NAC,2009,44.3826747252814,
NAC,2010,44.5216738598888,
NAC,2011,44.6914408784998,
NAC,2012,44.8473781711469,
NAC,2013,45.0256452059601,
NAC,2014,45.1966596471043,
NAC,2015,45.3836050882567,
NAC,2016,45.565423132808,
NAC,2017,45.7884596318731,
NAC,2018,46.0508578398942,
NAC,2019,46.1603554012663,
NAC,2020,46.3356555871484,
NAC,2021,46.6475163378909,
NAC,2022,46.7328739937335,
NAC,2023,46.6719442095302,
NAC,2024,46.547441772994,
NAC,2025,46.7106515235078,
NER,1960,1.64185960257343,
NER,1961,1.73783771349513,
NER,1962,1.83951089238986,
NER,1963,1.92378251055932,
NER,1964,2.01244266116234,
NER,1965,2.10544250863337,
NER,1966,2.20367375785732,
NER,1967,2.33416363377447,
NER,1968,2.47341004719508,
NER,1969,2.62110490584381,
NER,1970,2.77852385074001,
NER,1971,2.94661578966653,
NER,1972,3.12574607352526,
NER,1973,3.31436034907644,
NER,1974,3.51444737758971,
NER,1975,3.72575309586067,
NER,1976,3.94879232463099,
NER,1977,4.18218643077337,
NER,1978,4.32361992152078,
NER,1979,4.39979071643353,
NER,1980,4.47565674609609,
NER,1981,4.55213107991356,
NER,1982,4.63089836953217,
NER,1983,4.71141410991551,
NER,1984,4.79397091536274,
NER,1985,4.87659053078497,
NER,1986,4.95920628271366,
NER,1987,5.04231499176713,
NER,1988,5.12657068203899,
NER,1989,5.20784638782891,
NER,1990,5.28895582326894,
NER,1991,5.37026290233886,
NER,1992,5.45213210846947,
NER,1993,5.53220165855949,
NER,1994,5.61068870422583,
NER,1995,5.68496938966367,
NER,1996,5.75864134185352,
NER,1997,5.83389646097749,
NER,1998,5.9067275413393,
NER,1999,5.97711103781267,
NER,2000,6.04710142723962,
NER,2001,6.10324255050921,
NER,2002,6.07155443324655,
NER,2003,6.03817274445291,
NER,2004,6.00306682518915,
NER,2005,5.96578617105664,
NER,2006,5.92736586770612,
NER,2007,5.88777332015637,
NER,2008,5.84746758460778,
NER,2009,5.80607670439845,
NER,2010,5.76474416477051,
NER,2011,5.72393340282062,
NER,2012,5.68070371937877,
NER,2013,5.63816820157433,
NER,2014,5.60005253979918,
NER,2015,5.56179498601219,
NER,2016,5.52525209017047,
NER,2017,5.4947678718698,
NER,2018,5.47042196416461,
NER,2019,5.4537399886185,
NER,2020,5.44678758355658,
NER,2021,5.45136057503549,
NER,2022,5.46740864491282,
NER,2023,5.4940378710641,
NER,2024,5.53505177414431,
NER,2025,5.59316732019762,
NGA,1960,4.76211297866181,
NGA,1961,5.0167245388113,
NGA,1962,5.28781552130028,
NGA,1963,5.57711823644579,
NGA,1964,5.79218981728889,
NGA,1965,5.96380512823707,
NGA,1966,6.142571748031,
NGA,1967,6.33135770488878,
NGA,1968,6.52731675982514,
NGA,1969,6.72648408400994,
NGA,1970,6.93027914812363,
NGA,1971,7.14469383419124,
NGA,1972,7.41215603329785,
NGA,1973,7.68320681791971,
NGA,1974,7.95721484072477,
NGA,1975,8.23170621604532,
NGA,1976,8.51046650840972,
NGA,1977,8.79017184458178,
NGA,1978,9.07557729845768,
NGA,1979,9.37143181786204,
NGA,1980,9.67749575301261,
NGA,1981,9.99971170570666,
NGA,1982,10.3455503810914,
NGA,1983,10.7496818056482,
NGA,1984,10.9803387503324,
NGA,1985,11.188634621465,
NGA,1986,11.419430472663,
NGA,1987,11.6656767685977,
NGA,1988,11.9216086400263,
NGA,1989,12.1842319389486,
NGA,1990,12.4571074667998,
NGA,1991,12.6985503693827,
NGA,1992,12.8593697327912,
NGA,1993,12.9569805175733,
NGA,1994,13.0600729615779,
NGA,1995,13.1676866262114,
NGA,1996,13.2829760057817,
NGA,1997,13.4027835020253,
NGA,1998,13.526340172468,
NGA,1999,13.6514887118224,
NGA,2000,13.7768376370227,
NGA,2001,13.8998639292554,
NGA,2002,14.0250970561321,
NGA,2003,14.1533744787017,
NGA,2004,14.2858103967795,
NGA,2005,14.4226425251622,
NGA,2006,14.5456089253649,
NGA,2007,14.6151512422474,
NGA,2008,14.6859779459774,
NGA,2009,14.7576045052516,
NGA,2010,14.8313147913197,
NGA,2011,14.9065193862807,
NGA,2012,14.9893758889902,
NGA,2013,15.0826257996276,
NGA,2014,15.1905393373526,
NGA,2015,15.3178865737086,
NGA,2016,15.4587188023968,
NGA,2017,15.6096315780125,
NGA,2018,15.7834480842825,
NGA,2019,15.9852622070646,
NGA,2020,16.2104411573588,
NGA,2021,16.4564052984642,
NGA,2022,16.7180731373805,
NGA,2023,16.9922966372056,
NGA,2024,17.2796210244206,
NGA,2025,17.5781799705434,
NIC,1960,11.1421309829048,
NIC,1961,11.4721274893803,
NIC,1962,11.8119028494124,
NIC,1963,12.1664438643208,
NIC,1964,12.559298290299,
NIC,1965,12.9586270149627,
NIC,1966,13.3674958602689,
NIC,1967,13.7857068046448,
NIC,1968,14.215874957598,
NIC,1969,14.6566723357795,
NIC,1970,15.1137092896806,
NIC,1971,15.4998849919494,
NIC,1972,15.5721334266923,
NIC,1973,15.6446397848772,
NIC,1974,15.6901988415399,
NIC,1975,15.7387636171552,
NIC,1976,15.7914438447427,
NIC,1977,15.8476394921495,
NIC,1978,15.9234091069936,
NIC,1979,16.0306207092692,
NIC,1980,16.1325026449674,
NIC,1981,16.2192132287844,
NIC,1982,16.3207798193818,
NIC,1983,16.4421709087263,
NIC,1984,16.5888297213896,
NIC,1985,16.7518283524607,
NIC,1986,16.9252880152297,
NIC,1987,17.1082416920048,
NIC,1988,17.2934959922665,
NIC,1989,17.470925686024,
NIC,1990,17.6523143575863,
NIC,1991,17.8409099179108,
NIC,1992,18.0404477733206,
NIC,1993,18.2524229118411,
NIC,1994,18.4810200038863,
NIC,1995,18.630322096107,
NIC,1996,18.3790228022395,
NIC,1997,18.1651053014478,
NIC,1998,17.9789931925986,
NIC,1999,17.8122485626818,
NIC,2000,17.6568743923755,
NIC,2001,17.5176622623616,
NIC,2002,17.3930257796788,
NIC,2003,17.2751754330246,
NIC,2004,17.157691992584,
NIC,2005,17.0386392629872,
NIC,2006,17.1327891224253,
NIC,2007,17.2257620774632,
NIC,2008,17.3202527062671,
NIC,2009,17.4158120751313,
NIC,2010,17.2886038222555,
NIC,2011,17.163537490907,
NIC,2012,17.0410285078492,
NIC,2013,16.9214610338336,
NIC,2014,16.8058574873255,
NIC,2015,16.6933710951786,
NIC,2016,16.5839465808051,
NIC,2017,16.4773580953578,
NIC,2018,16.3735922050974,
NIC,2019,16.2789610863129,
NIC,2020,16.2019000902781,
NIC,2021,16.1458813819831,
NIC,2022,16.0919577800315,
NIC,2023,16.0400362681764,
NIC,2024,16.007744204137,
NIC,2025,15.9956714960624,
NLD,1960,15.9549566796391,
NLD,1961,15.8930988239936,
NLD,1962,15.8145026520688,
NLD,1963,15.748364987833,
NLD,1964,15.6844741373055,
NLD,1965,15.5287484102948,
NLD,1966,15.2987764938263,
NLD,1967,15.0983064963005,
NLD,1968,14.9146552387126,
NLD,1969,14.7158514873135,
NLD,1970,14.5330384738275,
NLD,1971,14.3860959610662,
NLD,1972,14.2677250329423,
NLD,1973,14.177954810518,
NLD,1974,14.096612077499,
NLD,1975,13.9452311098769,
NLD,1976,13.7533244610857,
NLD,1977,13.5901620828533,
NLD,1978,13.4260958132796,
NLD,1979,13.2541117958267,
NLD,1980,13.0928705706088,
NLD,1981,12.9696077996475,
NLD,1982,12.8772089663089,
NLD,1983,12.7961024760094,
NLD,1984,12.7137005968645,
NLD,1985,12.6706226048246,
NLD,1986,12.6643342928264,
NLD,1987,12.6479735441513,
NLD,1988,12.6302786418569,
NLD,1989,12.6182620714104,
NLD,1990,12.6208724068673,
NLD,1991,12.6371766894288,
NLD,1992,12.6577910173005,
NLD,1993,12.6856855243772,
NLD,1994,12.7258442167824,
NLD,1995,12.7386456800651,
NLD,1996,12.7135588311463,
NLD,1997,12.6816628391515,
NLD,1998,12.6370254575463,
NLD,1999,12.5864022512397,
NLD,2000,12.530390700758,
NLD,2001,12.4700894543125,
NLD,2002,12.4246072293711,
NLD,2003,12.3999294435321,
NLD,2004,12.3907467359679,
NLD,2005,12.4044324378114,
NLD,2006,12.4363907943552,
NLD,2007,12.4614936084762,
NLD,2008,12.4654489503662,
NLD,2009,12.4538335095341,
NLD,2010,12.442617972225,
NLD,2011,12.4373557560459,
NLD,2012,12.4443075430431,
NLD,2013,12.4606294339493,
NLD,2014,12.4691017045471,
NLD,2015,12.4673293969518,
NLD,2016,12.4546264971979,
NLD,2017,12.4347451588018,
NLD,2018,12.4159510444285,
NLD,2019,12.3898622728536,
NLD,2020,12.3785110225611,
NLD,2021,12.373926626774,
NLD,2022,12.3189380114617,
NLD,2023,12.2616918600466,
NLD,2024,12.247410660025,
NLD,2025,12.2484406887291,
NOR,1960,16.1408942547537,
NOR,1961,16.212255526622,
NOR,1962,16.2520287623959,
NOR,1963,16.2995764122931,
NOR,1964,16.347633500878,
NOR,1965,16.3917663667071,
NOR,1966,16.432801174097,
NOR,1967,16.4676331780436,
NOR,1968,16.5021435949195,
NOR,1969,16.5405006150416,
NOR,1970,16.5938164949714,
NOR,1971,16.5319895599301,
NOR,1972,16.3997544879181,
NOR,1973,16.2792265437766,
NOR,1974,16.1723783002255,
NOR,1975,16.0772318009599,
NOR,1976,15.9958938460346,
NOR,1977,15.9223685170552,
NOR,1978,15.8556335312717,
NOR,1979,15.7956860585235,
NOR,1980,15.7390065644872,
NOR,1981,15.7496813183007,
NOR,1982,15.7928223259187,
NOR,1983,15.8418256616556,
NOR,1984,15.8988951713474,
NOR,1985,15.9531233594284,
NOR,1986,15.998520883995,
NOR,1987,16.0262055145746,
NOR,1988,16.0428536677145,
NOR,1989,16.0793214697955,
NOR,1990,16.1271096149852,
NOR,1991,16.2267125196986,
NOR,1992,16.3491469883476,
NOR,1993,16.468958307195,
NOR,1994,16.5942407127406,
NOR,1995,16.7288648517704,
NOR,1996,16.8669556500574,
NOR,1997,16.9995757245428,
NOR,1998,17.1244311135101,
NOR,1999,17.194575510549,
NOR,2000,17.2303871304332,
NOR,2001,17.2905860336558,
NOR,2002,17.3719563373606,
NOR,2003,17.4726031823574,
NOR,2004,17.5733191634853,
NOR,2005,17.7033632535785,
NOR,2006,17.8588647099981,
NOR,2007,17.9964847181648,
NOR,2008,18.1198738646688,
NOR,2009,18.2404220077925,
NOR,2010,18.3650996103289,
NOR,2011,18.4391232297912,
NOR,2012,18.4680585497112,
NOR,2013,18.5155866882247,
NOR,2014,18.5787404578964,
NOR,2015,18.6668406375738,
NOR,2016,18.7771598498353,
NOR,2017,18.9019717383164,
NOR,2018,19.0557418453153,
NOR,2019,19.1992888418174,
NOR,2020,19.3583574605329,
NOR,2021,19.5288000710017,
NOR,2022,19.6268476068085,
NOR,2023,19.6751902900228,
NOR,2024,19.7561536312162,
NOR,2025,19.8825494085587,
NPL,1960,1.17721282168955,
NPL,1961,1.17347696289229,
NPL,1962,1.17615849877522,
NPL,1963,1.17862204186502,
NPL,1964,1.18072694637649,
NPL,1965,1.18211887130976,
NPL,1966,1.18317496018393,
NPL,1967,1.18385276016338,
NPL,1968,1.18414119086538,
NPL,1969,1.18419144974996,
NPL,1970,1.18402018624675,
NPL,1971,1.18463632865334,
NPL,1972,1.21224728520431,
NPL,1973,1.24025639011094,
NPL,1974,1.26892305560663,
NPL,1975,1.29800994110245,
NPL,1976,1.3280340062023,
NPL,1977,1.35785656770127,
NPL,1978,1.38734657282377,
NPL,1979,1.41724580809567,
NPL,1980,1.44757590204657,
NPL,1981,1.47903368727235,
NPL,1982,1.53169222677623,
NPL,1983,1.58558998830316,
NPL,1984,1.64193752713599,
NPL,1985,1.70128870562543,
NPL,1986,1.76401283089372,
NPL,1987,1.83072742370691,
NPL,1988,1.90036719912444,
NPL,1989,1.96998531887746,
NPL,1990,2.03831858448326,
NPL,1991,2.10487360566965,
NPL,1992,2.14425658744202,
NPL,1993,2.18606479771941,
NPL,1994,2.23385504367243,
NPL,1995,2.28504818448402,
NPL,1996,2.34213012109563,
NPL,1997,2.40341475597433,
NPL,1998,2.4692490911349,
NPL,1999,2.53953552880538,
NPL,2000,2.61538616346626,
NPL,2001,2.69578624035486,
NPL,2002,2.76373929136747,
NPL,2003,2.83652872591193,
NPL,2004,2.91553226517659,
NPL,2005,3.00088280039824,
NPL,2006,3.09356993159342,
NPL,2007,3.19333018073582,
NPL,2008,3.29934708870536,
NPL,2009,3.41102493703777,
NPL,2010,3.52865077080086,
NPL,2011,3.65664118916591,
NPL,2012,3.79652161628245,
NPL,2013,3.94397302558507,
NPL,2014,4.09312249005055,
NPL,2015,4.23743789855737,
NPL,2016,4.39001508900121,
NPL,2017,4.56053419664336,
NPL,2018,4.73556526925921,
NPL,2019,4.84305237012206,
NPL,2020,4.91433678004171,
NPL,2021,4.99360984101447,
NPL,2022,5.11874367248052,
NPL,2023,5.29055538489236,
NPL,2024,5.46908720344309,
NPL,2025,5.64824206588683,
NZL,1960,18.5582258200523,
NZL,1961,18.6833078480803,
NZL,1962,18.9710717163578,
NZL,1963,19.3705663954499,
NZL,1964,19.7581418735979,
NZL,1965,20.2411733373916,
NZL,1966,20.6720355768153,
NZL,1967,21.0179141734885,
NZL,1968,21.5655543830283,
NZL,1969,22.1214296018465,
NZL,1970,22.5879674102537,
NZL,1971,22.9821240799159,
NZL,1972,23.1837184476049,
NZL,1973,23.3412352682943,
NZL,1974,23.4706485431756,
NZL,1975,23.6338101261717,
NZL,1976,23.9424529818357,
NZL,1977,24.0971091596693,
NZL,1978,24.3209342560554,
NZL,1979,24.6510775168865,
NZL,1980,24.8571749815285,
NZL,1981,24.9993919805434,
NZL,1982,24.9901777510218,
NZL,1983,24.8896946206983,
NZL,1984,24.9128009668123,
NZL,1985,24.9970127190416,
NZL,1986,25.2838616270831,
NZL,1987,25.4321096994869,
NZL,1988,25.7324419808735,
NZL,1989,25.9818137730359,
NZL,1990,26.1181152021142,
NZL,1991,25.3804755228749,
NZL,1992,25.9086275731234,
NZL,1993,26.4194613963384,
NZL,1994,26.8906629834254,
NZL,1995,27.333287962106,
NZL,1996,27.7505091103966,
NZL,1997,27.8687488429905,
NZL,1998,28.1073918741809,
NZL,1999,28.4508096268676,
NZL,2000,28.7812427093864,
NZL,2001,29.1141347764463,
NZL,2002,29.3034570089908,
NZL,2003,29.4243643226063,
NZL,2004,29.6911070336391,
NZL,2005,30.0655555286775,
NZL,2006,30.4172919753381,
NZL,2007,30.4974193853876,
NZL,2008,30.603854641063,
NZL,2009,30.6633198531121,
NZL,2010,30.6890155607144,
NZL,2011,30.822878649635,
NZL,2012,31.2814137610308,
NZL,2013,31.675176155422,
NZL,2014,31.7897708402524,
NZL,2015,31.7853299778713,
NZL,2016,31.7151312021383,
NZL,2017,31.6949060993851,
NZL,2018,31.7690690935804,
NZL,2019,31.8296279902622,
NZL,2020,31.6726598848671,
NZL,2021,32.059395035991,
NZL,2022,32.5155164610268,
NZL,2023,32.1773076923077,
NZL,2024,31.9994328922495,
NZL,2025,32.1356508347888,
OED,1960,26.114536681325,
OED,1961,26.4648834925436,
OED,1962,26.8032969335214,
OED,1963,27.1544448266233,
OED,1964,27.5258711097041,
OED,1965,27.919350588706,
OED,1966,28.2625820903911,
OED,1967,28.6216517559364,
OED,1968,29.0094526475705,
OED,1969,29.4106158887341,
OED,1970,29.8017273186712,
OED,1971,29.9787390256939,
OED,1972,30.1246133632108,
OED,1973,30.289375350941,
OED,1974,30.4660862868003,
OED,1975,30.6601529618496,
OED,1976,30.8123083068509,
OED,1977,30.9492984320119,
OED,1978,31.0961847640316,
OED,1979,31.2492009646271,
OED,1980,31.4148476821515,
OED,1981,31.5532854409374,
OED,1982,31.7053295684328,
OED,1983,31.8641317889738,
OED,1984,32.0437257226197,
OED,1985,32.2334222296625,
OED,1986,32.4378760626026,
OED,1987,32.6737238368191,
OED,1988,32.8875750559013,
OED,1989,33.1108008553075,
OED,1990,33.3212795179247,
OED,1991,33.4435513850537,
OED,1992,33.5382957194116,
OED,1993,33.6567983819379,
OED,1994,33.798343249978,
OED,1995,33.9552881298317,
OED,1996,34.096264810915,
OED,1997,34.2196985071707,
OED,1998,34.3569221332027,
OED,1999,34.5041320251951,
OED,2000,34.6438272654912,
OED,2001,34.7350576125333,
OED,2002,34.8580553834183,
OED,2003,34.9870436469746,
OED,2004,35.1235888843885,
OED,2005,35.2716235453745,
OED,2006,35.402340827048,
OED,2007,35.5497430217358,
OED,2008,35.6754104357952,
OED,2009,35.8262358710975,
OED,2010,35.9978543722963,
OED,2011,36.2104063658065,
OED,2012,36.3741537356801,
OED,2013,36.539323388881,
OED,2014,36.7019176699402,
OED,2015,36.8626296953115,
OED,2016,37.00696545215,
OED,2017,37.1699048842249,
OED,2018,37.3363515341702,
OED,2019,37.408275725122,
OED,2020,37.5581313693042,
OED,2021,37.7807055701297,
OED,2022,37.8820368944022,
OED,2023,37.9132835301473,
OED,2024,37.9465727003121,
OED,2025,38.0731307901173,
OMN,1960,2.59988501088626,
OMN,1961,2.84595464699715,
OMN,1962,3.11269754391835,
OMN,1963,3.40069219206636,
OMN,1964,3.71181517944311,
OMN,1965,4.0453765660349,
OMN,1966,4.40511419429396,
OMN,1967,4.79196762527759,
OMN,1968,5.20834989933174,
OMN,1969,5.65404375014529,
OMN,1970,6.13388060602402,
OMN,1971,6.64905838774135,
OMN,1972,7.20318358875981,
OMN,1973,7.79529076692472,
OMN,1974,8.38514139450701,
OMN,1975,8.95997247272951,
OMN,1976,9.54521965727304,
OMN,1977,10.1283271406758,
OMN,1978,10.7207121150189,
OMN,1979,11.3302272851791,
OMN,1980,11.9682636070184,
OMN,1981,12.6255059962925,
OMN,1982,13.3071421285916,
OMN,1983,14.0258781726662,
OMN,1984,14.7994415395811,
OMN,1985,15.5192081359206,
OMN,1986,16.2150784728378,
OMN,1987,17.0121039629686,
OMN,1988,17.9119811049952,
OMN,1989,18.9103153031688,
OMN,1990,20.02127039594,
OMN,1991,21.252429822093,
OMN,1992,22.6219896627762,
OMN,1993,24.1607083235436,
OMN,1994,24.7636939352513,
OMN,1995,24.6770615620261,
OMN,1996,24.6256014346343,
OMN,1997,24.609489117733,
OMN,1998,24.6221241140001,
OMN,1999,24.6545688263485,
OMN,2000,24.7050673252324,
OMN,2001,24.7708332161005,
OMN,2002,24.8533250040648,
OMN,2003,24.9422539000827,
OMN,2004,25.0949654880758,
OMN,2005,25.2731317398717,
OMN,2006,25.4662109635179,
OMN,2007,25.6691959377069,
OMN,2008,25.8772699635146,
OMN,2009,26.0796250101037,
OMN,2010,26.1571758794189,
OMN,2011,25.1762972968669,
OMN,2012,24.2668812265548,
OMN,2013,24.9414892826207,
OMN,2014,26.5447893147153,
OMN,2015,28.2071354239473,
OMN,2016,29.8740775476061,
OMN,2017,30.3588225493212,
OMN,2018,31.4615419246752,
OMN,2019,32.7065166041164,
OMN,2020,34.2671095193651,
OMN,2021,35.3270047444419,
OMN,2022,34.3032235669078,
OMN,2023,32.6843152939564,
OMN,2024,31.7363427092639,
OMN,2025,30.9845630991806,
PAK,1960,11.3198580332978,
PAK,1961,11.5844950255723,
PAK,1962,11.818171926115,
PAK,1963,12.0516259416804,
PAK,1964,12.2851892182124,
PAK,1965,12.5179389534488,
PAK,1966,12.7517864778572,
PAK,1967,12.9851238349856,
PAK,1968,13.2209487234465,
PAK,1969,13.4583828699707,
PAK,1970,13.7003099670434,
PAK,1971,13.964393519657,
PAK,1972,14.2339373514328,
PAK,1973,14.439718778761,
PAK,1974,14.6351075087539,
PAK,1975,14.8289558879475,
PAK,1976,15.018669160263,
PAK,1977,15.2008988898204,
PAK,1978,15.3793553831799,
PAK,1979,15.5229552338031,
PAK,1980,15.5755495041317,
PAK,1981,15.556601684419,
PAK,1982,15.487761564398,
PAK,1983,15.4653876208638,
PAK,1984,15.4945914112736,
PAK,1985,15.5173642972154,
PAK,1986,15.508325803979,
PAK,1987,15.4950641114718,
PAK,1988,15.4901986014425,
PAK,1989,15.498637581514,
PAK,1990,15.4964243817275,
PAK,1991,15.5001366562095,
PAK,1992,15.5738040358585,
PAK,1993,15.6607437229805,
PAK,1994,15.7302436319468,
PAK,1995,15.8007021921382,
PAK,1996,15.8692504891774,
PAK,1997,15.9500528036536,
PAK,1998,16.0207954887103,
PAK,1999,16.0538714023211,
PAK,2000,16.0719746309004,
PAK,2001,16.0942437528782,
PAK,2002,16.1738088038314,
PAK,2003,16.2703869603497,
PAK,2004,16.3504057541188,
PAK,2005,16.4409324122262,
PAK,2006,16.537128868674,
PAK,2007,16.5915897478103,
PAK,2008,16.6419760497771,
PAK,2009,16.7147588916263,
PAK,2010,16.8013075268323,
PAK,2011,16.9287917290574,
PAK,2012,17.115407650585,
PAK,2013,17.3519570470217,
PAK,2014,17.6158337497459,
PAK,2015,17.902235686529,
PAK,2016,18.213348774859,
PAK,2017,18.5086504061622,
PAK,2018,18.7704256714918,
PAK,2019,18.9624482355244,
PAK,2020,19.1322999787414,
PAK,2021,19.2835731776241,
PAK,2022,19.457740753742,
PAK,2023,19.6667418100831,
PAK,2024,19.8796665714222,
PAK,2025,20.0791139224387,
PAN,1960,25.1237783135954,
PAN,1961,25.6124393250968,
PAN,1962,26.0684965544244,
PAN,1963,26.525982774461,
PAN,1964,26.9935790687878,
PAN,1965,27.472905293639,
PAN,1966,27.9709549476857,
PAN,1967,28.4884072624202,
PAN,1968,29.0299675328991,
PAN,1969,29.5895807016995,
PAN,1970,30.0938489296596,
PAN,1971,30.1450888482026,
PAN,1972,30.208854908006,
PAN,1973,30.2867937384787,
PAN,1974,30.3830855144124,
PAN,1975,30.4966725140832,
PAN,1976,30.6306645994367,
PAN,1977,30.7810466181693,
PAN,1978,30.949289802182,
PAN,1979,31.1286849638409,
PAN,1980,31.3279360665,
PAN,1981,31.6025399891639,
PAN,1982,31.8833623824534,
PAN,1983,32.1691528176113,
PAN,1984,32.4637736414011,
PAN,1985,32.7688711285988,
PAN,1986,33.0914017300923,
PAN,1987,33.4304530467382,
PAN,1988,33.7875204858112,
PAN,1989,34.1599620603872,
PAN,1990,34.5595730219667,
PAN,1991,35.0782313671004,
PAN,1992,35.6168031058791,
PAN,1993,36.1660113058817,
PAN,1994,36.7316015532229,
PAN,1995,37.3138458839364,
PAN,1996,37.9136667617428,
PAN,1997,38.5239160360913,
PAN,1998,39.1512671074538,
PAN,1999,39.7951163721932,
PAN,2000,40.3832221232679,
PAN,2001,40.4560036253025,
PAN,2002,40.5368665125982,
PAN,2003,40.6244014136279,
PAN,2004,40.7168529338035,
PAN,2005,40.8152245107645,
PAN,2006,40.9277682173519,
PAN,2007,41.0488757785477,
PAN,2008,41.1770049430848,
PAN,2009,41.3098936393163,
PAN,2010,41.4529004129766,
PAN,2011,41.6002144304665,
PAN,2012,41.7523041793376,
PAN,2013,41.9142510356626,
PAN,2014,42.0817959246176,
PAN,2015,42.2500811230204,
PAN,2016,42.4197448255014,
PAN,2017,42.5966774399829,
PAN,2018,42.7915045131074,
PAN,2019,43.0182303350887,
PAN,2020,43.3304893413189,
PAN,2021,43.7031991264336,
PAN,2022,44.0368771577175,
PAN,2023,44.3366865085106,
PAN,2024,44.6395886948667,
PAN,2025,44.9454397969544,
PER,1960,17.2586797864819,
PER,1961,17.6194398862906,
PER,1962,18.0495969627836,
PER,1963,18.4923319455177,
PER,1964,18.9488989215765,
PER,1965,19.4177492977901,
PER,1966,19.903949138675,
PER,1967,20.4064740625091,
PER,1968,20.927010816079,
PER,1969,21.4618136707363,
PER,1970,22.0747995165184,
PER,1971,22.7153619071219,
PER,1972,23.3034253621725,
PER,1973,23.5530228726628,
PER,1974,23.8205169212797,
PER,1975,24.1002501833023,
PER,1976,24.3908162273907,
PER,1977,24.6815076481989,
PER,1978,24.9717320578717,
PER,1979,25.2645005748786,
PER,1980,25.561701724946,
PER,1981,25.86089908845,
PER,1982,25.9078794440776,
PER,1983,25.9462480321108,
PER,1984,25.988682179178,
PER,1985,26.0385987441906,
PER,1986,26.110643460829,
PER,1987,26.201856739182,
PER,1988,26.2988048940327,
PER,1989,26.4007361121322,
PER,1990,26.5119132967588,
PER,1991,26.6519523523074,
PER,1992,26.812886063747,
PER,1993,26.9781777681975,
PER,1994,27.0024114488989,
PER,1995,27.0330317333595,
PER,1996,27.0800761479577,
PER,1997,27.1343123864873,
PER,1998,27.1975218057125,
PER,1999,27.2859256050369,
PER,2000,27.4210776608502,
PER,2001,27.6085153271877,
PER,2002,27.8466123308826,
PER,2003,28.1226330641696,
PER,2004,28.4263643182098,
PER,2005,28.7577069717357,
PER,2006,29.1223979982553,
PER,2007,29.5112292902463,
PER,2008,29.8964613755731,
PER,2009,30.2841791088989,
PER,2010,30.6668265602109,
PER,2011,31.0250386243065,
PER,2012,31.3600312090889,
PER,2013,31.6765599906553,
PER,2014,31.9674479458076,
PER,2015,32.2176960758563,
PER,2016,32.4042277039951,
PER,2017,32.5445974042732,
PER,2018,32.5749028515765,
PER,2019,32.5267756906828,
PER,2020,32.6420579891718,
PER,2021,32.8230055831421,
PER,2022,32.9931665121155,
PER,2023,33.1043809897157,
PER,2024,33.2047123477783,
PER,2025,33.3095542904441,
PHL,1960,8.97775436357018,
PHL,1961,9.09361811833664,
PHL,1962,9.21128630187203,
PHL,1963,9.33355210189129,
PHL,1964,9.4620926338538,
PHL,1965,9.59618904534135,
PHL,1966,9.73893697774084,
PHL,1967,9.88899903296582,
PHL,1968,10.0469152016107,
PHL,1969,10.2129961761063,
PHL,1970,10.4442020462172,
PHL,1971,10.9160679763021,
PHL,1972,11.4192018180822,
PHL,1973,11.9514951681548,
PHL,1974,12.5182889994524,
PHL,1975,13.028543172444,
PHL,1976,13.1708542076143,
PHL,1977,13.2960964039773,
PHL,1978,13.4205733147317,
PHL,1979,13.5487684422597,
PHL,1980,13.6718581858948,
PHL,1981,13.7185319021579,
PHL,1982,13.7435305912589,
PHL,1983,13.7485223572851,
PHL,1984,13.757082417602,
PHL,1985,13.7869037595961,
PHL,1986,13.8407614840033,
PHL,1987,13.8845283160059,
PHL,1988,13.9223133303153,
PHL,1989,13.9814962019259,
PHL,1990,14.0439327129668,
PHL,1991,14.1684969718905,
PHL,1992,14.2993327758912,
PHL,1993,14.42503097965,
PHL,1994,14.5851498242716,
PHL,1995,14.7459029924852,
PHL,1996,14.6392887836558,
PHL,1997,14.4754975759994,
PHL,1998,14.2909851699589,
PHL,1999,14.1033886207494,
PHL,2000,13.9522795723078,
PHL,2001,13.86993810236,
PHL,2002,13.8130907228096,
PHL,2003,13.7628295197431,
PHL,2004,13.7184687118523,
PHL,2005,13.6851961011345,
PHL,2006,13.6766257188971,
PHL,2007,13.6609660870957,
PHL,2008,13.737994961008,
PHL,2009,13.8188723224479,
PHL,2010,13.8492808457799,
PHL,2011,13.8057245265567,
PHL,2012,13.7657774087543,
PHL,2013,13.7339755220054,
PHL,2014,13.7351220950218,
PHL,2015,13.7588921602379,
PHL,2016,13.8019588362917,
PHL,2017,13.8526521713302,
PHL,2018,13.9107551054062,
PHL,2019,13.9739860994864,
PHL,2020,14.0513244033365,
PHL,2021,14.1687350990421,
PHL,2022,14.3148113579179,
PHL,2023,14.4628040656099,
PHL,2024,14.6174667981427,
PHL,2025,14.7829386982427,
POL,1960,3.77623918387041,
POL,1961,3.82164263783207,
POL,1962,3.83185245063266,
POL,1963,3.83520448033342,
POL,1964,3.83634585710409,
POL,1965,3.85294300038639,
POL,1966,3.87853918752565,
POL,1967,3.89596386424488,
POL,1968,3.91373742806666,
POL,1969,3.93830092508672,
POL,1970,3.98003937019927,
POL,1971,4.03897082373755,
POL,1972,4.09351502693186,
POL,1973,4.14517405537635,
POL,1974,4.19543999938953,
POL,1975,4.24487888487732,
POL,1976,4.29485130820257,
POL,1977,4.34662523188153,
POL,1978,4.4066310888416,
POL,1979,4.42272364368512,
POL,1980,4.39949232799659,
POL,1981,4.37700793070212,
POL,1982,4.3541238108321,
POL,1983,4.33060350748861,
POL,1984,4.30866092129408,
POL,1985,4.29111320568837,
POL,1986,4.27890033134506,
POL,1987,4.27171359702899,
POL,1988,4.27095019160471,
POL,1989,4.27239640426496,
POL,1990,4.27255205626586,
POL,1991,4.27432084547605,
POL,1992,4.27816767359596,
POL,1993,4.27947671598502,
POL,1994,4.27791528201017,
POL,1995,4.27957529625989,
POL,1996,4.28380320507493,
POL,1997,4.28846722066895,
POL,1998,4.29442191198459,
POL,1999,4.30228230940233,
POL,2000,4.35505151007894,
POL,2001,4.36385349161092,
POL,2002,4.37376426758584,
POL,2003,4.38664536729506,
POL,2004,4.39918085437773,
POL,2005,4.41108442466739,
POL,2006,4.42389079523761,
POL,2007,4.43633566768169,
POL,2008,4.44580526252605,
POL,2009,4.45285614866563,
POL,2010,4.47572015872441,
POL,2011,4.48346049227792,
POL,2012,4.50037206575891,
POL,2013,4.52676952558289,
POL,2014,4.55401470098642,
POL,2015,4.58104598033634,
POL,2016,4.60718459770714,
POL,2017,4.63083359486624,
POL,2018,4.65519325341181,
POL,2019,4.67775788397221,
POL,2020,4.75333985077413,
POL,2021,4.83922270556523,
POL,2022,4.87356534856614,
POL,2023,4.89955216992624,
POL,2024,4.92201518560305,
POL,2025,4.94082738980698,
PRE,1960,4.83771211326553,
PRE,1961,5.08724889747938,
PRE,1962,5.34518419364215,
PRE,1963,5.60425482365934,
PRE,1964,5.86216204539097,
PRE,1965,6.12434598017176,
PRE,1966,6.36573265152781,
PRE,1967,6.60695055404842,
PRE,1968,6.85430617464117,
PRE,1969,7.11042274718942,
PRE,1970,7.35989878840296,
PRE,1971,7.6056752780664,
PRE,1972,7.87448191186008,
PRE,1973,8.14157580256978,
PRE,1974,8.40815580394314,
PRE,1975,8.68181808250051,
PRE,1976,8.95391401186679,
PRE,1977,9.22020460833063,
PRE,1978,9.45516482553536,
PRE,1979,9.6475648396134,
PRE,1980,9.86656338033788,
PRE,1981,10.1265995847378,
PRE,1982,10.3830826082774,
PRE,1983,10.6340966702326,
PRE,1984,10.8590243641329,
PRE,1985,11.0818629773793,
PRE,1986,11.3141256047992,
PRE,1987,11.5521193051673,
PRE,1988,11.7997889987327,
PRE,1989,12.0359458317453,
PRE,1990,12.3004326282667,
PRE,1991,12.5751978684555,
PRE,1992,12.6789604572355,
PRE,1993,12.733984129684,
PRE,1994,12.7505048767568,
PRE,1995,12.8116384405777,
PRE,1996,13.0354781967732,
PRE,1997,13.1848308454006,
PRE,1998,13.3035060428351,
PRE,1999,13.4060495745763,
PRE,2000,13.5402981323805,
PRE,2001,13.6805946942839,
PRE,2002,13.8100901636727,
PRE,2003,13.9465952958121,
PRE,2004,14.0464890911508,
PRE,2005,14.104879280336,
PRE,2006,14.1795734318216,
PRE,2007,14.2012902645646,
PRE,2008,14.3397006730991,
PRE,2009,14.4741732792267,
PRE,2010,14.6018057542856,
PRE,2011,14.7320160260954,
PRE,2012,14.8562028784448,
PRE,2013,14.981871529944,
PRE,2014,15.1116556429008,
PRE,2015,15.2335397203412,
PRE,2016,15.3608861528661,
PRE,2017,15.4885168519445,
PRE,2018,15.6217429839495,
PRE,2019,15.7592487132369,
PRE,2020,15.90930001633,
PRE,2021,16.0781034066108,
PRE,2022,16.2679166787865,
PRE,2023,16.4713005458507,
PRE,2024,16.6832928648591,
PRE,2025,16.8996493086317,
PRI,1960,25.2871501272265,
PRI,1961,25.9420049489066,
PRI,1962,26.5270033897586,
PRI,1963,27.0976590418162,
PRI,1964,27.7458765748418,
PRI,1965,28.5221279876638,
PRI,1966,29.4286274831,
PRI,1967,30.4865981220664,
PRI,1968,31.6372934685267,
PRI,1969,32.7590857440903,
PRI,1970,33.675570272259,
PRI,1971,34.1790028926323,
PRI,1972,34.5663652859378,
PRI,1973,34.8899848755691,
PRI,1974,35.2464312068966,
PRI,1975,35.6907481629927,
PRI,1976,36.2118551021173,
PRI,1977,36.80696346995,
PRI,1978,37.4704458109024,
PRI,1979,38.1772223498842,
PRI,1980,39.2242981908921,
PRI,1981,41.2969784293359,
PRI,1982,43.5104332541153,
PRI,1983,45.8645335833179,
PRI,1984,48.3643273857048,
PRI,1985,51.0002072845721,
PRI,1986,53.7934873593438,
PRI,1987,56.7492191699232,
PRI,1988,59.8820690762941,
PRI,1989,63.1876256899576,
PRI,1990,65.7831495617755,
PRI,1991,65.8264904789577,
PRI,1992,65.9113806407273,
PRI,1993,65.8652738475513,
PRI,1994,65.7628704301749,
PRI,1995,65.6639795303037,
PRI,1996,65.4361544894762,
PRI,1997,65.3334415057602,
PRI,1998,65.46323412149,
PRI,1999,65.6418902649707,
PRI,2000,65.8229861137536,
PRI,2001,65.6030443278392,
PRI,2002,65.4394525094928,
PRI,2003,65.3196013167472,
PRI,2004,65.2273472005118,
PRI,2005,65.2427851640331,
PRI,2006,65.4406033405743,
PRI,2007,65.7455534569831,
PRI,2008,66.052499610462,
PRI,2009,66.3337174266992,
PRI,2010,66.5373147552736,
PRI,2011,67.014840269189,
PRI,2012,67.526676126625,
PRI,2013,67.9952811938668,
PRI,2014,68.7923934530854,
PRI,2015,69.6782641385824,
PRI,2016,70.688667383819,
PRI,2017,72.0439587116007,
PRI,2018,74.584266521611,
PRI,2019,74.2235649656598,
PRI,2020,74.6106690321859,
PRI,2021,74.9513827526695,
PRI,2022,75.8509236221441,
PRI,2023,76.146094286961,
PRI,2024,76.0844347312633,
PRI,2025,76.414633725138,
PRK,1960,5.50897030807852,
PRK,1961,5.54641746491639,
PRK,1962,5.62425700581641,
PRK,1963,5.69145982229571,
PRK,1964,5.75484279393659,
PRK,1965,5.81896912023562,
PRK,1966,5.87902921153026,
PRK,1967,5.92682516199981,
PRK,1968,6.06366070715061,
PRK,1969,6.27788576557555,
PRK,1970,6.50370812194869,
PRK,1971,6.74484443912737,
PRK,1972,6.99884300969216,
PRK,1973,7.27791003101031,
PRK,1974,7.59661013675844,
PRK,1975,7.94383731594765,
PRK,1976,8.32252246505195,
PRK,1977,8.73142764239317,
PRK,1978,9.16624638200451,
PRK,1979,9.62224198110821,
PRK,1980,10.100463974299,
PRK,1981,10.3112782105253,
PRK,1982,10.5232394122033,
PRK,1983,10.7403818005153,
PRK,1984,10.9629805322905,
PRK,1985,11.1889989127636,
PRK,1986,11.4197054822608,
PRK,1987,11.6552521907049,
PRK,1988,11.7578943071266,
PRK,1989,11.861163572052,
PRK,1990,11.9645159559167,
PRK,1991,12.0664131803431,
PRK,1992,12.1689937492733,
PRK,1993,12.2742617433002,
PRK,1994,12.2532868773855,
PRK,1995,12.1287181997295,
PRK,1996,12.0328597286151,
PRK,1997,11.9447289430972,
PRK,1998,11.8656002660311,
PRK,1999,11.7952476761562,
PRK,2000,11.7348582834972,
PRK,2001,11.6845566629735,
PRK,2002,11.6450807892241,
PRK,2003,11.5975007451107,
PRK,2004,11.5419277629306,
PRK,2005,11.4979513603485,
PRK,2006,11.4608216181471,
PRK,2007,11.4270033051097,
PRK,2008,11.3952656164533,
PRK,2009,11.4127587010255,
PRK,2010,11.4486751607559,
PRK,2011,11.4841440354669,
PRK,2012,11.5185876985505,
PRK,2013,11.5513676155081,
PRK,2014,11.5827498062768,
PRK,2015,11.6134481053045,
PRK,2016,11.6450075386233,
PRK,2017,11.6785420425956,
PRK,2018,11.7151084755333,
PRK,2019,11.7555390597732,
PRK,2020,11.8006090530294,
PRK,2021,11.8482949455055,
PRK,2022,11.8977000320371,
PRK,2023,11.9521296754314,
PRK,2024,12.0123637189471,
PRK,2025,12.078196725186,
PRT,1960,26.5770205321552,
PRT,1961,26.7598324440528,
PRT,1962,26.9736273742952,
PRT,1963,27.2762477222656,
PRT,1964,27.6795569409758,
PRT,1965,28.2185941249717,
PRT,1966,28.8690727455747,
PRT,1967,29.4997363237674,
PRT,1968,30.0831310507941,
PRT,1969,30.8217849310978,
PRT,1970,31.5763122821897,
PRT,1971,32.3923188021504,
PRT,1972,33.3087343272583,
PRT,1973,34.1863525269023,
PRT,1974,34.6141953185639,
PRT,1975,34.215508491258,
PRT,1976,34.1487802766409,
PRT,1977,34.6936945273605,
PRT,1978,35.2436795438496,
PRT,1979,35.8060461026584,
PRT,1980,36.3764745586666,
PRT,1981,36.7714332292327,
PRT,1982,36.6343411283412,
PRT,1983,36.5516403365581,
PRT,1984,36.4982825528659,
PRT,1985,36.4853172204474,
PRT,1986,36.5391826395477,
PRT,1987,36.6363673252854,
PRT,1988,36.7622791705466,
PRT,1989,36.9039380309845,
PRT,1990,37.0730159353427,
PRT,1991,37.2775642341772,
PRT,1992,37.5391032639658,
PRT,1993,37.7263282545592,
PRT,1994,37.8592256937755,
PRT,1995,37.9633571164121,
PRT,1996,38.0568057555958,
PRT,1997,38.1229871232272,
PRT,1998,38.1671574052312,
PRT,1999,38.1884095132547,
PRT,2000,38.1576377141931,
PRT,2001,38.1008291064838,
PRT,2002,38.0483435545846,
PRT,2003,38.0615080801172,
PRT,2004,38.1268885575648,
PRT,2005,38.2124907053287,
PRT,2006,38.3005768327193,
PRT,2007,38.3828020279686,
PRT,2008,38.4855548453109,
PRT,2009,38.607065107392,
PRT,2010,38.7484086975438,
PRT,2011,38.965461716533,
PRT,2012,39.2851667604389,
PRT,2013,39.6643969592519,
PRT,2014,40.0435167101206,
PRT,2015,40.3757995210694,
PRT,2016,40.6707716039937,
PRT,2017,40.9386716891741,
PRT,2018,41.1738942972759,
PRT,2019,41.3357309646856,
PRT,2020,41.4663728487714,
PRT,2021,41.3829563520192,
PRT,2022,41.2724935338458,
PRT,2023,40.887850776514,
PRT,2024,40.6174620823192,
PRT,2025,40.3749660685445,
PRY,1960,20.4384464357578,
PRY,1961,20.7755134653319,
PRY,1962,21.1103677912758,
PRY,1963,21.366886442466,
PRY,1964,21.5887751740252,
PRY,1965,21.8154534892858,
PRY,1966,22.0552685912461,
PRY,1967,22.3106429882771,
PRY,1968,22.5826337380405,
PRY,1969,22.86577427246,
PRY,1970,23.1611605894068,
PRY,1971,23.4577818063759,
PRY,1972,23.7442102244067,
PRY,1973,23.9578119106541,
PRY,1974,24.1567613909243,
PRY,1975,24.3583856432936,
PRY,1976,24.5673175208675,
PRY,1977,24.7742296863297,
PRY,1978,24.9786066763726,
PRY,1979,25.1719588105857,
PRY,1980,25.3460018635971,
PRY,1981,25.4945812154752,
PRY,1982,25.6302715061021,
PRY,1983,25.8303928671745,
PRY,1984,26.0327178710647,
PRY,1985,26.2328483643155,
PRY,1986,26.4338882129568,
PRY,1987,26.638480988261,
PRY,1988,26.8510574143068,
PRY,1989,27.0723422412841,
PRY,1990,27.3124901040625,
PRY,1991,27.5700203939615,
PRY,1992,27.8464359601279,
PRY,1993,28.3657628218881,
PRY,1994,28.9593656775917,
PRY,1995,29.585030457622,
PRY,1996,30.247231865393,
PRY,1997,30.9423553920689,
PRY,1998,31.6792669425156,
PRY,1999,32.4650444171504,
PRY,2000,33.3216229081011,
PRY,2001,34.2810257129909,
PRY,2002,35.3685419346598,
PRY,2003,36.569255689921,
PRY,2004,37.8451330923736,
PRY,2005,39.1787811413784,
PRY,2006,40.5880459526247,
PRY,2007,42.073800955717,
PRY,2008,43.6212295411087,
PRY,2009,44.377856960987,
PRY,2010,45.082591041328,
PRY,2011,45.7265695162509,
PRY,2012,46.3445021610959,
PRY,2013,46.9524249700582,
PRY,2014,47.5646935299962,
PRY,2015,48.179856709654,
PRY,2016,48.8075292448896,
PRY,2017,49.4574563078001,
PRY,2018,50.1323711582725,
PRY,2019,50.3320154632545,
PRY,2020,50.5253463227423,
PRY,2021,50.7812175072432,
PRY,2022,51.0662433821111,
PRY,2023,51.2921699800092,
PRY,2024,51.5045634004618,
PRY,2025,51.7208706362599,
PST,1960,26.4649962120528,
PST,1961,26.8088843363466,
PST,1962,27.1391747635519,
PST,1963,27.4825212531082,
PST,1964,27.8466597252312,
PST,1965,28.2350088726373,
PST,1966,28.5713993468065,
PST,1967,28.9277812543629,
PST,1968,29.3098049386922,
PST,1969,29.702014022108,
PST,1970,30.0783769133551,
PST,1971,30.225642505447,
PST,1972,30.3422490355378,
PST,1973,30.4786017225227,
PST,1974,30.6370228213385,
PST,1975,30.8199163783948,
PST,1976,30.9602271947403,
PST,1977,31.0845109701792,
PST,1978,31.2158747823345,
PST,1979,31.3406628812519,
PST,1980,31.4776830619494,
PST,1981,31.6055092060245,
PST,1982,31.7480108265824,
PST,1983,31.9050675258892,
PST,1984,32.0794516347018,
PST,1985,32.2621565446511,
PST,1986,32.4645007262819,
PST,1987,32.704321045889,
PST,1988,32.9057760854723,
PST,1989,33.1073627798516,
PST,1990,33.2982274619321,
PST,1991,33.417789010221,
PST,1992,33.4927084930806,
PST,1993,33.5870523467446,
PST,1994,33.7126515118605,
PST,1995,33.8563721066567,
PST,1996,33.9752153912906,
PST,1997,34.0851242189018,
PST,1998,34.2077920834237,
PST,1999,34.3414106408496,
PST,2000,34.4571348776376,
PST,2001,34.5405083927347,
PST,2002,34.6575202623489,
PST,2003,34.780722979378,
PST,2004,34.901769242344,
PST,2005,35.0360274563693,
PST,2006,35.1462763184279,
PST,2007,35.2498834380048,
PST,2008,35.351788104141,
PST,2009,35.4868492618581,
PST,2010,35.6387799025283,
PST,2011,35.8342658383228,
PST,2012,35.9744188899974,
PST,2013,36.1347372833505,
PST,2014,36.2878406662169,
PST,2015,36.4364668566455,
PST,2016,36.5828353648303,
PST,2017,36.7624005873272,
PST,2018,36.9561545747073,
PST,2019,37.0516396794144,
PST,2020,37.2015169499114,
PST,2021,37.4322561823318,
PST,2022,37.6193574596898,
PST,2023,37.7041068728216,
PST,2024,37.6774474798381,
PST,2025,37.7398645618744,
ROU,1960,5.44523916432447,
ROU,1961,5.55638970102801,
ROU,1962,5.67860766576268,
ROU,1963,5.80375415273555,
ROU,1964,5.93214506843498,
ROU,1965,6.0659663708355,
ROU,1966,6.20096328735471,
ROU,1967,6.34618942470355,
ROU,1968,6.51435863265702,
ROU,1969,6.70626989934251,
ROU,1970,6.89407190910519,
ROU,1971,7.09856679109669,
ROU,1972,7.31552979803376,
ROU,1973,7.54573848582151,
ROU,1974,7.77825208663535,
ROU,1975,7.9920932047932,
ROU,1976,8.21585500199196,
ROU,1977,8.34282032952971,
ROU,1978,8.34306541012481,
ROU,1979,8.3652520487551,
ROU,1980,8.39633143758881,
ROU,1981,8.4166201778995,
ROU,1982,8.44609750575076,
ROU,1983,8.49018358564921,
ROU,1984,8.53648544798851,
ROU,1985,8.57826105565746,
ROU,1986,8.61618732643451,
ROU,1987,8.65116475659744,
ROU,1988,8.68823994384166,
ROU,1989,8.72712330976746,
ROU,1990,8.79042541247276,
ROU,1991,8.94700722637624,
ROU,1992,9.04022692706645,
ROU,1993,8.99000934838916,
ROU,1994,8.94081449573873,
ROU,1995,8.89694929570138,
ROU,1996,8.86081898212671,
ROU,1997,8.82497978848787,
ROU,1998,8.7820979676678,
ROU,1999,8.7350503114092,
ROU,2000,8.68578407021067,
ROU,2001,8.74699360246738,
ROU,2002,8.85867032211322,
ROU,2003,8.90186326098901,
ROU,2004,8.9317010436632,
ROU,2005,8.96597674871838,
ROU,2006,8.99809189119816,
ROU,2007,9.11057625773944,
ROU,2008,9.24190550385568,
ROU,2009,9.29738656516634,
ROU,2010,9.33083437929742,
ROU,2011,9.35484988530603,
ROU,2012,9.35718279482512,
ROU,2013,9.34518960034064,
ROU,2014,9.33345200675534,
ROU,2015,9.3306309528808,
ROU,2016,9.33747877845732,
ROU,2017,9.34474262349521,
ROU,2018,9.35289517237625,
ROU,2019,9.35537337866143,
ROU,2020,9.36010173758451,
ROU,2021,9.38313180604662,
ROU,2022,9.3723590442965,
ROU,2023,9.31944400579569,
ROU,2024,9.27744165329436,
ROU,2025,9.24644554223228,
RUS,1960,15.4033795674621,
RUS,1961,15.549237025306,
RUS,1962,15.6975732313139,
RUS,1963,15.8482615359793,
RUS,1964,16.0015732578084,
RUS,1965,16.1563256933212,
RUS,1966,16.40252141714,
RUS,1967,16.653211488658,
RUS,1968,16.9091167163068,
RUS,1969,17.1688826505429,
RUS,1970,17.3992538572436,
RUS,1971,17.5904395562502,
RUS,1972,17.7845075013835,
RUS,1973,17.9798566356873,
RUS,1974,18.1781559146232,
RUS,1975,18.3787578241431,
RUS,1976,18.5582010699461,
RUS,1977,18.7388339456282,
RUS,1978,18.9218291259303,
RUS,1979,19.0416686590305,
RUS,1980,19.0838328177829,
RUS,1981,19.1337477937131,
RUS,1982,19.1916498015239,
RUS,1983,19.2555926532456,
RUS,1984,19.2893677536866,
RUS,1985,19.3190542062311,
RUS,1986,19.3605615139343,
RUS,1987,19.4061600460564,
RUS,1988,19.4617505464499,
RUS,1989,19.4516365310281,
RUS,1990,19.4347837011659,
RUS,1991,19.3952647049262,
RUS,1992,19.3573791662491,
RUS,1993,19.3131848310996,
RUS,1994,19.3027343447835,
RUS,1995,19.3282957953241,
RUS,1996,19.4114187090104,
RUS,1997,19.533614226855,
RUS,1998,19.6475952887201,
RUS,1999,19.7810245623714,
RUS,2000,19.9444136832145,
RUS,2001,20.1113717756262,
RUS,2002,20.2888938957767,
RUS,2003,20.5040680029173,
RUS,2004,20.7254058928952,
RUS,2005,20.9448790456142,
RUS,2006,21.1560271208518,
RUS,2007,21.3365026969552,
RUS,2008,21.4919731679381,
RUS,2009,21.6327336331456,
RUS,2010,21.7720005789591,
RUS,2011,21.9350020464179,
RUS,2012,22.0859729356672,
RUS,2013,22.2275485471578,
RUS,2014,22.3701908071261,
RUS,2015,22.5186744789068,
RUS,2016,22.6734673668587,
RUS,2017,22.8444684908302,
RUS,2018,23.044579411509,
RUS,2019,23.1510959762334,
RUS,2020,23.291918157569,
RUS,2021,23.4690755983889,
RUS,2022,23.6359795587168,
RUS,2023,23.7737704546455,
RUS,2024,23.8566429841883,
RUS,2025,23.9276159772422,
RWA,1960,1.13552817826459,
RWA,1961,1.16683549103428,
RWA,1962,1.20196796949176,
RWA,1963,1.24131222594196,
RWA,1964,1.28153305381917,
RWA,1965,1.31873300206531,
RWA,1966,1.35414720359289,
RWA,1967,1.38795788049131,
RWA,1968,1.42147056231153,
RWA,1969,1.45591956638112,
RWA,1970,1.49185978537778,
RWA,1971,1.56956852170367,
RWA,1972,1.65650357139895,
RWA,1973,1.74748397428152,
RWA,1974,1.84333476076767,
RWA,1975,1.94425539007511,
RWA,1976,2.050609845776,
RWA,1977,2.16233245503494,
RWA,1978,2.28022047314778,
RWA,1979,2.34253857903811,
RWA,1980,2.39603576064599,
RWA,1981,2.44815214854457,
RWA,1982,2.49951458002024,
RWA,1983,2.55053459504504,
RWA,1984,2.60194343891662,
RWA,1985,2.65385387388266,
RWA,1986,2.70787235713572,
RWA,1987,2.76478544388445,
RWA,1988,2.82563136914076,
RWA,1989,2.89102991827362,
RWA,1990,2.97129326277537,
RWA,1991,3.07163603502394,
RWA,1992,3.25551659932117,
RWA,1993,3.40177308181346,
RWA,1994,4.3391302453112,
RWA,1995,5.63869133493523,
RWA,1996,5.17770486486035,
RWA,1997,4.88769010054882,
RWA,1998,5.13519402708422,
RWA,1999,5.57664343944804,
RWA,2000,6.05734331101637,
RWA,2001,6.5726055478555,
RWA,2002,7.09922882604897,
RWA,2003,7.24437004148774,
RWA,2004,7.31009871559483,
RWA,2005,7.37443188645504,
RWA,2006,7.43919453254597,
RWA,2007,7.50502647505485,
RWA,2008,7.57422098475674,
RWA,2009,7.64705730330467,
RWA,2010,7.72527168021332,
RWA,2011,7.8098245908044,
RWA,2012,7.90033999387437,
RWA,2013,7.99035277022069,
RWA,2014,8.08027835526972,
RWA,2015,8.17317183764773,
RWA,2016,8.26905669625175,
RWA,2017,8.36810341860309,
RWA,2018,8.4708227004557,
RWA,2019,8.56909184279432,
RWA,2020,8.66458842246386,
RWA,2021,8.75976207127379,
RWA,2022,8.85131744637584,
RWA,2023,8.94015258622129,
RWA,2024,9.03409635713843,
RWA,2025,9.12758511177685,
SAS,1960,7.03109717115699,
SAS,1961,7.09758119543799,
SAS,1962,7.17739053839029,
SAS,1963,7.26117415062153,
SAS,1964,7.34813318637143,
SAS,1965,7.44286947332564,
SAS,1966,7.54835756390211,
SAS,1967,7.6563557609318,
SAS,1968,7.7680190723209,
SAS,1969,7.88577802142735,
SAS,1970,8.00261362805029,
SAS,1971,8.13197561753006,
SAS,1972,8.26912316591116,
SAS,1973,8.39765669381752,
SAS,1974,8.52458291398571,
SAS,1975,8.64609787950104,
SAS,1976,8.77340364360156,
SAS,1977,8.90367999951902,
SAS,1978,9.04333495998984,
SAS,1979,9.18594247812587,
SAS,1980,9.32898987272806,
SAS,1981,9.46010702282906,
SAS,1982,9.5618462835032,
SAS,1983,9.66690161963201,
SAS,1984,9.7766423232974,
SAS,1985,9.89189618523368,
SAS,1986,10.0143831771159,
SAS,1987,10.1446357691101,
SAS,1988,10.2835671148034,
SAS,1989,10.4280161351643,
SAS,1990,10.579850916744,
SAS,1991,10.7221023207844,
SAS,1992,10.831427646608,
SAS,1993,10.9459366919923,
SAS,1994,11.069792670157,
SAS,1995,11.2000428417272,
SAS,1996,11.3364413191338,
SAS,1997,11.4784217710602,
SAS,1998,11.6274631098665,
SAS,1999,11.783922156222,
SAS,2000,11.9485900940005,
SAS,2001,12.0868869483782,
SAS,2002,12.1753935004573,
SAS,2003,12.2761241768324,
SAS,2004,12.3850010386723,
SAS,2005,12.5055292421673,
SAS,2006,12.6388167032142,
SAS,2007,12.7835401058988,
SAS,2008,12.9413255397114,
SAS,2009,13.1025091160621,
SAS,2010,13.2682361909922,
SAS,2011,13.4426425909361,
SAS,2012,13.6264196922796,
SAS,2013,13.8204092192071,
SAS,2014,14.028395973391,
SAS,2015,14.250054176217,
SAS,2016,14.478038658399,
SAS,2017,14.7173261175262,
SAS,2018,14.9720349826358,
SAS,2019,15.2148764421608,
SAS,2020,15.4666828140388,
SAS,2021,15.7404803199051,
SAS,2022,16.017462584699,
SAS,2023,16.2786859474124,
SAS,2024,16.5365207994365,
SAS,2025,16.7917070753097,
SAU,1960,22.4443757357612,
SAU,1961,22.0897604327513,
SAU,1962,21.7438218023511,
SAU,1963,22.2744775296662,
SAU,1964,23.7567541517126,
SAU,1965,25.3369075287894,
SAU,1966,27.0328798405993,
SAU,1967,28.8338366206962,
SAU,1968,30.7358460735654,
SAU,1969,32.7270029621488,
SAU,1970,34.8100615584131,
SAU,1971,36.9378504099456,
SAU,1972,39.085039846666,
SAU,1973,41.2564802169521,
SAU,1974,43.5037949575727,
SAU,1975,44.5842415106862,
SAU,1976,45.3215966195868,
SAU,1977,45.9795185880598,
SAU,1978,46.5861325605706,
SAU,1979,47.1603510564549,
SAU,1980,47.7245276411347,
SAU,1981,48.233944407575,
SAU,1982,48.6973670984159,
SAU,1983,49.175348317324,
SAU,1984,49.7378238908751,
SAU,1985,50.4066535660498,
SAU,1986,51.1198927200454,
SAU,1987,51.8655463399792,
SAU,1988,52.8049005287582,
SAU,1989,53.8982981902165,
SAU,1990,55.0902756221377,
SAU,1991,56.4045819884409,
SAU,1992,57.8569132916836,
SAU,1993,57.5996438073711,
SAU,1994,56.8612647489733,
SAU,1995,56.2106425158088,
SAU,1996,55.6519412285828,
SAU,1997,55.1714048535706,
SAU,1998,54.7644061509759,
SAU,1999,54.4251110468376,
SAU,2000,53.6379411143299,
SAU,2001,52.4682395463236,
SAU,2002,51.4423499420186,
SAU,2003,50.5393663529228,
SAU,2004,49.74583974767,
SAU,2005,49.5078718806375,
SAU,2006,49.4714421041212,
SAU,2007,49.5029553636879,
SAU,2008,49.1489584902909,
SAU,2009,48.8488108716063,
SAU,2010,50.9949898006492,
SAU,2011,50.3710624641841,
SAU,2012,49.9224135127624,
SAU,2013,48.883423996029,
SAU,2014,49.3047772720974,
SAU,2015,48.3875642591378,
SAU,2016,48.1772165442632,
SAU,2017,49.7612239650545,
SAU,2018,52.7664118637656,
SAU,2019,54.1597287821143,
SAU,2020,52.6900522335624,
SAU,2021,55.0919308663747,
SAU,2022,53.7174908246171,
SAU,2023,52.2128636993839,
SAU,2024,50.7084051457949,
SAU,2025,49.2062610695672,
SDN,1960,4.14354062752668,
SDN,1961,4.27877851163083,
SDN,1962,4.41640053153774,
SDN,1963,4.55566817243987,
SDN,1964,4.69779539820602,
SDN,1965,4.84190046084258,
SDN,1966,4.99017511805254,
SDN,1967,5.14211660250126,
SDN,1968,5.29811369281129,
SDN,1969,5.4575138756428,
SDN,1970,5.62095478784597,
SDN,1971,5.78977937289699,
SDN,1972,5.96505100314052,
SDN,1973,6.09067219237178,
SDN,1974,6.18029688110125,
SDN,1975,6.30198883766407,
SDN,1976,6.42498453641787,
SDN,1977,6.55205999172512,
SDN,1978,6.65100860445837,
SDN,1979,6.74013008096677,
SDN,1980,6.8247874057567,
SDN,1981,6.91418701265628,
SDN,1982,7.02276156652546,
SDN,1983,7.23899345727343,
SDN,1984,7.63924416653433,
SDN,1985,8.09531478952542,
SDN,1986,8.57257293610219,
SDN,1987,9.06615167112101,
SDN,1988,9.58539448836103,
SDN,1989,10.1336535851154,
SDN,1990,10.7169676735184,
SDN,1991,11.3355601762938,
SDN,1992,11.9919938431625,
SDN,1993,12.5201701027639,
SDN,1994,12.5220034580012,
SDN,1995,12.516448206384,
SDN,1996,12.5535877177157,
SDN,1997,12.5918005400115,
SDN,1998,12.593295763003,
SDN,1999,12.596832957663,
SDN,2000,12.6019633138241,
SDN,2001,12.6077392355446,
SDN,2002,12.6164132977806,
SDN,2003,12.6514569574193,
SDN,2004,12.6961484668617,
SDN,2005,12.7276357536218,
SDN,2006,12.7565032170887,
SDN,2007,12.7758111117538,
SDN,2008,12.7691367886847,
SDN,2009,12.739308642371,
SDN,2010,12.754919263207,
SDN,2011,12.8198579743905,
SDN,2012,12.8707989328546,
SDN,2013,12.9002712099972,
SDN,2014,12.8783093706725,
SDN,2015,12.8129691587621,
SDN,2016,12.7488288141908,
SDN,2017,12.6313137336236,
SDN,2018,12.5118797856579,
SDN,2019,12.4657486276893,
SDN,2020,12.4576913862936,
SDN,2021,12.4597613111253,
SDN,2022,12.4745030440019,
SDN,2023,12.6778460457971,
SDN,2024,12.9676996532119,
SDN,2025,13.0737501095338,
SEN,1960,10.7484883595982,
SEN,1961,11.1867011021789,
SEN,1962,11.4517951523841,
SEN,1963,11.7229520478696,
SEN,1964,11.9995401727293,
SEN,1965,12.2758707752219,
SEN,1966,12.5529128857334,
SEN,1967,12.8310156787557,
SEN,1968,13.1145238351578,
SEN,1969,13.4026178703725,
SEN,1970,13.6687229419783,
SEN,1971,13.939525374935,
SEN,1972,14.2162897112829,
SEN,1973,14.497947977772,
SEN,1974,14.7968848203089,
SEN,1975,15.1228530926489,
SEN,1976,15.4446663918905,
SEN,1977,15.6677143638195,
SEN,1978,15.9109864485095,
SEN,1979,16.148955925017,
SEN,1980,16.3782122669929,
SEN,1981,16.5945547559178,
SEN,1982,16.8027538261165,
SEN,1983,17.004195111585,
SEN,1984,17.201667732412,
SEN,1985,17.38856942699,
SEN,1986,17.5636708018619,
SEN,1987,17.7336536031055,
SEN,1988,17.8937634317738,
SEN,1989,17.9096897752888,
SEN,1990,17.9274512879503,
SEN,1991,17.95000305297,
SEN,1992,17.9813782266896,
SEN,1993,18.0195105265565,
SEN,1994,18.0719840428159,
SEN,1995,18.1449895293917,
SEN,1996,18.2409997381718,
SEN,1997,18.3515152429123,
SEN,1998,18.4677140324396,
SEN,1999,18.5783680357197,
SEN,2000,18.6829998414969,
SEN,2001,18.7838920459942,
SEN,2002,18.8814407960701,
SEN,2003,18.9196222503949,
SEN,2004,18.9609431887012,
SEN,2005,19.0023703499061,
SEN,2006,19.0466964878722,
SEN,2007,19.0921097973007,
SEN,2008,19.1351136641763,
SEN,2009,19.1718523262904,
SEN,2010,19.2052448147124,
SEN,2011,19.2115964807807,
SEN,2012,19.189985045635,
SEN,2013,19.1122227368998,
SEN,2014,18.9966338569352,
SEN,2015,18.9001469232761,
SEN,2016,18.8214110712273,
SEN,2017,18.760010499514,
SEN,2018,18.7151300656797,
SEN,2019,18.6943042961986,
SEN,2020,18.7051107022906,
SEN,2021,18.7551532684156,
SEN,2022,18.8430207449359,
SEN,2023,18.971219200719,
SEN,2024,19.1355802707429,
SEN,2025,19.325214296286,
SGP,1960,99.1913265306122,
SGP,1961,99.2449483082707,
SGP,1962,99.4981716375272,
SGP,1963,99.6845682451253,
SGP,1964,99.6140855777585,
SGP,1965,99.5181514653665,
SGP,1966,99.2177419354839,
SGP,1967,99.045610841424,
SGP,1968,99.2478131212724,
SGP,1969,99.609694002448,
SGP,1970,99.8931312355176,
SGP,1971,99.9088929906763,
SGP,1972,99.912841479279,
SGP,1973,99.8465572275422,
SGP,1974,99.8476993452328,
SGP,1975,99.8739503226377,
SGP,1976,99.8076134827541,
SGP,1977,99.5576914806692,
SGP,1978,99.4828772943576,
SGP,1979,99.5433186490455,
SGP,1980,99.9069987095812,
SGP,1981,97.1396478649419,
SGP,1982,95.1298448572549,
SGP,1983,96.2402944207536,
SGP,1984,96.7692950167647,
SGP,1985,98.8880673197715,
SGP,1986,100.0,
SGP,1987,100.0,
SGP,1988,100.0,
SGP,1989,100.0,
SGP,1990,98.8783223043833,
SGP,1991,98.7715476751333,
SGP,1992,98.7227218390577,
SGP,1993,99.218855393634,
SGP,1994,99.0144040095372,
SGP,1995,98.7025983215804,
SGP,1996,97.1512004236789,
SGP,1997,96.1300966955547,
SGP,1998,95.0149635377557,
SGP,1999,96.4569129994698,
SGP,2000,97.1715442861232,
SGP,2001,97.118592212879,
SGP,2002,98.9285791257079,
SGP,2003,100.0,
SGP,2004,100.0,
SGP,2005,100.0,
SGP,2006,100.0,
SGP,2007,100.0,
SGP,2008,100.0,
SGP,2009,99.5578009585023,
SGP,2010,99.951149676603,
SGP,2011,99.852016556552,
SGP,2012,99.2192095642734,
SGP,2013,99.2901676223088,
SGP,2014,99.6090844803138,
SGP,2015,100.0,
SGP,2016,100.0,
SGP,2017,100.0,
SGP,2018,100.0,
SGP,2019,100.0,
SGP,2020,100.0,
SGP,2021,100.0,
SGP,2022,100.0,
SGP,2023,100.0,
SGP,2024,100.0,
SGP,2025,100.0,
SLE,1960,5.2468395613387,
SLE,1961,5.30225537674891,
SLE,1962,5.35482670022995,
SLE,1963,5.45847678966762,
SLE,1964,5.7293587252876,
SLE,1965,6.00919686988843,
SLE,1966,6.30102623121101,
SLE,1967,6.604669713829,
SLE,1968,6.92225865890213,
SLE,1969,7.25451037343619,
SLE,1970,7.60303301348014,
SLE,1971,7.97102078660347,
SLE,1972,8.35979260855291,
SLE,1973,8.76449054833438,
SLE,1974,9.18978831752132,
SLE,1975,9.54863031267134,
SLE,1976,9.85469588816767,
SLE,1977,10.1646358894312,
SLE,1978,10.4764653950368,
SLE,1979,10.7956697726172,
SLE,1980,11.1206632826919,
SLE,1981,11.4505501746063,
SLE,1982,11.7875125836846,
SLE,1983,12.124667470501,
SLE,1984,12.46507910906,
SLE,1985,12.8102773772701,
SLE,1986,12.9656311856624,
SLE,1987,12.9481074063417,
SLE,1988,12.9287279734717,
SLE,1989,12.9345615818596,
SLE,1990,12.7534890636452,
SLE,1991,12.9301101414489,
SLE,1992,13.518447491171,
SLE,1993,13.897424425024,
SLE,1994,14.2012961571779,
SLE,1995,14.5463977494144,
SLE,1996,14.8509124335292,
SLE,1997,15.0382159974949,
SLE,1998,15.2749963045171,
SLE,1999,15.5882190149565,
SLE,2000,15.6091934846893,
SLE,2001,15.0930505915977,
SLE,2002,14.61433167687,
SLE,2003,14.3940914157229,
SLE,2004,14.2750261076155,
SLE,2005,14.2778102525178,
SLE,2006,14.3680306717118,
SLE,2007,14.4603426612251,
SLE,2008,14.5100990343565,
SLE,2009,14.5303242626798,
SLE,2010,14.5470449067722,
SLE,2011,14.5800752154565,
SLE,2012,14.6250389248796,
SLE,2013,14.680049347257,
SLE,2014,14.7458875557433,
SLE,2015,14.8225225590058,
SLE,2016,14.894727901353,
SLE,2017,14.9626136574761,
SLE,2018,15.0365944396784,
SLE,2019,15.1115540615606,
SLE,2020,15.189778071769,
SLE,2021,15.2746855249955,
SLE,2022,15.3699971498671,
SLE,2023,15.4738625747472,
SLE,2024,15.5930984670023,
SLE,2025,15.7300272546048,
SLV,1960,11.1480770450148,
SLV,1961,11.3665219984836,
SLV,1962,11.5975361487371,
SLV,1963,11.8406737722948,
SLV,1964,12.0835198495573,
SLV,1965,12.321681180547,
SLV,1966,12.5598267496941,
SLV,1967,12.8021401495458,
SLV,1968,13.0550024376769,
SLV,1969,13.3206765860894,
SLV,1970,13.6150115732791,
SLV,1971,13.93625534694,
SLV,1972,14.0619679060421,
SLV,1973,14.1882263079256,
SLV,1974,14.3226581028575,
SLV,1975,14.468762991606,
SLV,1976,14.6272602254941,
SLV,1977,14.7891918081602,
SLV,1978,14.9537540446151,
SLV,1979,15.1491567248194,
SLV,1980,15.4423350281981,
SLV,1981,15.8451003905615,
SLV,1982,16.1836175712719,
SLV,1983,16.4155036138036,
SLV,1984,16.6369216526126,
SLV,1985,16.8449545284232,
SLV,1986,17.0583497854597,
SLV,1987,17.2756444306375,
SLV,1988,17.4906891734203,
SLV,1989,17.7146389898884,
SLV,1990,17.9570407831805,
SLV,1991,18.2269875381182,
SLV,1992,18.5233517061434,
SLV,1993,18.4554228945556,
SLV,1994,18.3227575016245,
SLV,1995,18.2121510253759,
SLV,1996,18.1186594424461,
SLV,1997,18.0384280952363,
SLV,1998,17.9688718216169,
SLV,1999,17.9095858908673,
SLV,2000,17.8620835398661,
SLV,2001,17.8292778557856,
SLV,2002,17.8150950008444,
SLV,2003,17.820694465491,
SLV,2004,17.8439251709211,
SLV,2005,17.8824586076478,
SLV,2006,17.9335686757068,
SLV,2007,17.9526222398526,
SLV,2008,17.9361043252638,
SLV,2009,17.9211144194902,
SLV,2010,17.903484184647,
SLV,2011,17.880431721703,
SLV,2012,17.8519702812,
SLV,2013,17.8207475387447,
SLV,2014,17.7920818827981,
SLV,2015,17.7734894260307,
SLV,2016,17.7654818733067,
SLV,2017,17.7700351796635,
SLV,2018,17.7931244490384,
SLV,2019,17.7692943369336,
SLV,2020,17.7357497337872,
SLV,2021,17.7005049088987,
SLV,2022,17.6851048489734,
SLV,2023,17.6880904472279,
SLV,2024,17.7239159489148,
SLV,2025,17.790031675423,
SOM,1960,3.26537522976319,
SOM,1961,3.41724778747272,
SOM,1962,3.57616322414079,
SOM,1963,3.74226657291549,
SOM,1964,4.00448384425438,
SOM,1965,4.37966804093141,
SOM,1966,4.7909634941663,
SOM,1967,5.24104966888472,
SOM,1968,5.73393033871973,
SOM,1969,6.27132818733238,
SOM,1970,6.85926352325885,
SOM,1971,7.5038610456131,
SOM,1972,8.21064233560337,
SOM,1973,8.97730171505184,
SOM,1974,9.82366380994267,
SOM,1975,10.4516110848179,
SOM,1976,10.6378378180279,
SOM,1977,10.8087108752133,
SOM,1978,10.5053238992692,
SOM,1979,9.68771637680013,
SOM,1980,9.28153144274896,
SOM,1981,9.610421389542,
SOM,1982,9.99571940624667,
SOM,1983,10.4570996203877,
SOM,1984,10.8911423997521,
SOM,1985,11.1638687646686,
SOM,1986,11.435143261702,
SOM,1987,11.7775239606757,
SOM,1988,12.5599279095995,
SOM,1989,13.6321004461534,
SOM,1990,14.6163437087337,
SOM,1991,16.2171840510966,
SOM,1992,17.1710027255902,
SOM,1993,16.8470106335514,
SOM,1994,16.1676507802915,
SOM,1995,15.7394083492301,
SOM,1996,15.3191208282668,
SOM,1997,14.9275515127116,
SOM,1998,14.4548709158587,
SOM,1999,14.0107599346637,
SOM,2000,13.5864237248115,
SOM,2001,13.1760713412512,
SOM,2002,13.1922271088683,
SOM,2003,13.216280658385,
SOM,2004,13.2420607415739,
SOM,2005,13.2946043621012,
SOM,2006,13.4025304719547,
SOM,2007,9.71693558942651,
SOM,2008,10.1082526714204,
SOM,2009,10.5595834398235,
SOM,2010,11.0367715684442,
SOM,2011,11.7420030885517,
SOM,2012,12.2538832660844,
SOM,2013,12.4930903026156,
SOM,2014,12.6919685316329,
SOM,2015,12.9122964985131,
SOM,2016,13.0834275344037,
SOM,2017,13.2525116767334,
SOM,2018,13.4711260394524,
SOM,2019,13.5977727113348,
SOM,2020,13.7047794358974,
SOM,2021,13.8258375927276,
SOM,2022,14.0291958772708,
SOM,2023,14.2193896434998,
SOM,2024,14.3447490106213,
SOM,2025,14.4820951323749,
SRB,1960,9.61141390138744,
SRB,1961,9.90526794653433,
SRB,1962,10.1427481178779,
SRB,1963,10.3918708888545,
SRB,1964,10.6524432320019,
SRB,1965,10.9208821072666,
SRB,1966,11.1847642505329,
SRB,1967,11.4766880805085,
SRB,1968,11.7728986843686,
SRB,1969,11.9496454497098,
SRB,1970,12.2579324222648,
SRB,1971,12.527171064418,
SRB,1972,12.697662386659,
SRB,1973,12.8850443072957,
SRB,1974,13.0574854665745,
SRB,1975,13.2317064151059,
SRB,1976,13.3953580906683,
SRB,1977,13.5726578141157,
SRB,1978,13.7578579579444,
SRB,1979,13.9520341893533,
SRB,1980,13.9118733870641,
SRB,1981,14.0760369905492,
SRB,1982,14.0851579894465,
SRB,1983,14.0976746574903,
SRB,1984,14.1091967299367,
SRB,1985,14.1262996908333,
SRB,1986,14.1515903590404,
SRB,1987,14.1836956075519,
SRB,1988,14.2124304528363,
SRB,1989,14.2530574995246,
SRB,1990,14.3037226050296,
SRB,1991,14.9605641976524,
SRB,1992,15.1125391780684,
SRB,1993,15.2619246242085,
SRB,1994,15.4168510389545,
SRB,1995,15.5791540513018,
SRB,1996,15.76743414126,
SRB,1997,15.9944057659513,
SRB,1998,16.2403727926879,
SRB,1999,16.4828501826362,
SRB,2000,16.7221147083969,
SRB,2001,16.9393129784727,
SRB,2002,17.1119292706923,
SRB,2003,17.2433969455087,
SRB,2004,17.3714287398751,
SRB,2005,17.5119130831773,
SRB,2006,17.6700507004657,
SRB,2007,17.8317945252635,
SRB,2008,17.9988033014513,
SRB,2009,18.1626151324574,
SRB,2010,18.3282415151144,
SRB,2011,18.5609683329789,
SRB,2012,18.7425892144369,
SRB,2013,18.9248722502994,
SRB,2014,19.1090255499779,
SRB,2015,19.2998883922122,
SRB,2016,19.4949876188703,
SRB,2017,19.6937325893787,
SRB,2018,19.8973191090315,
SRB,2019,20.0672403453591,
SRB,2020,20.2625520971787,
SRB,2021,20.5109618710023,
SRB,2022,21.0848938899525,
SRB,2023,21.2608348584057,
SRB,2024,21.4180845720838,
SRB,2025,21.5746090748057,
SSA,1960,5.78268173036802,
SSA,1961,5.96013584183706,
SSA,1962,6.1424785764729,
SSA,1963,6.32310273262806,
SSA,1964,6.49928635077054,
SSA,1965,6.67516534087349,
SSA,1966,6.8600685360207,
SSA,1967,7.05575027436212,
SSA,1968,7.26060314635395,
SSA,1969,7.47288250754843,
SSA,1970,7.67764270969936,
SSA,1971,7.86591524406651,
SSA,1972,8.07128456895079,
SSA,1973,8.27068409419272,
SSA,1974,8.46537816372996,
SSA,1975,8.66672434107292,
SSA,1976,8.86567637649797,
SSA,1977,9.06543032294554,
SSA,1978,9.25473587035648,
SSA,1979,9.40851472107611,
SSA,1980,9.57715282224755,
SSA,1981,9.73751061487813,
SSA,1982,9.89312521891806,
SSA,1983,10.0820180083391,
SSA,1984,10.2643924376298,
SSA,1985,10.4447886339201,
SSA,1986,10.6320755410832,
SSA,1987,10.8214748744519,
SSA,1988,11.0162045469914,
SSA,1989,11.2096796998802,
SSA,1990,11.4187244636552,
SSA,1991,11.6392041350453,
SSA,1992,11.7694458912871,
SSA,1993,11.8829887504633,
SSA,1994,11.99683959879,
SSA,1995,12.1240584077434,
SSA,1996,12.3308024491712,
SSA,1997,12.467992407478,
SSA,1998,12.5967493240003,
SSA,1999,12.7223365354423,
SSA,2000,12.8674059267478,
SSA,2001,13.0137534764699,
SSA,2002,13.1528233290872,
SSA,2003,13.2870252258691,
SSA,2004,13.4247554706533,
SSA,2005,13.530644294103,
SSA,2006,13.6388288999144,
SSA,2007,13.6828867548557,
SSA,2008,13.8016610084357,
SSA,2009,13.9331312851344,
SSA,2010,14.0669792038258,
SSA,2011,14.208256266275,
SSA,2012,14.3517113515951,
SSA,2013,14.4958451018964,
SSA,2014,14.6395563889707,
SSA,2015,14.7672290017522,
SSA,2016,14.9041603111158,
SSA,2017,15.0449395027454,
SSA,2018,15.1840839798169,
SSA,2019,15.3142629813937,
SSA,2020,15.4545536948887,
SSA,2021,15.6063735805304,
SSA,2022,15.7715129583088,
SSA,2023,15.9511213316617,
SSA,2024,16.1405462984194,
SSA,2025,16.3330236871319,
SSF,1960,5.78268173036802,
SSF,1961,5.96013584183706,
SSF,1962,6.1424785764729,
SSF,1963,6.32310273262806,
SSF,1964,6.49928635077054,
SSF,1965,6.67516534087349,
SSF,1966,6.8600685360207,
SSF,1967,7.05575027436212,
SSF,1968,7.26060314635395,
SSF,1969,7.47288250754843,
SSF,1970,7.67764270969936,
SSF,1971,7.86591524406651,
SSF,1972,8.07128456895079,
SSF,1973,8.27068409419272,
SSF,1974,8.46537816372996,
SSF,1975,8.66672434107292,
SSF,1976,8.86567637649797,
SSF,1977,9.06543032294554,
SSF,1978,9.25473587035648,
SSF,1979,9.40851472107611,
SSF,1980,9.57715282224755,
SSF,1981,9.73751061487813,
SSF,1982,9.89312521891806,
SSF,1983,10.0820180083391,
SSF,1984,10.2643924376298,
SSF,1985,10.4447886339201,
SSF,1986,10.6320755410832,
SSF,1987,10.8214748744519,
SSF,1988,11.0162045469914,
SSF,1989,11.2096796998802,
SSF,1990,11.4187244636552,
SSF,1991,11.6392041350453,
SSF,1992,11.7694458912871,
SSF,1993,11.8829887504633,
SSF,1994,11.99683959879,
SSF,1995,12.1240584077434,
SSF,1996,12.3308024491712,
SSF,1997,12.467992407478,
SSF,1998,12.5967493240003,
SSF,1999,12.7223365354423,
SSF,2000,12.8674059267478,
SSF,2001,13.0137534764699,
SSF,2002,13.1528233290872,
SSF,2003,13.2870252258691,
SSF,2004,13.4247554706533,
SSF,2005,13.530644294103,
SSF,2006,13.6388288999144,
SSF,2007,13.6828867548557,
SSF,2008,13.8016610084357,
SSF,2009,13.9331312851344,
SSF,2010,14.0669792038258,
SSF,2011,14.208256266275,
SSF,2012,14.3517113515951,
SSF,2013,14.4958451018964,
SSF,2014,14.6395563889707,
SSF,2015,14.7672290017522,
SSF,2016,14.9041603111158,
SSF,2017,15.0449395027454,
SSF,2018,15.1840839798169,
SSF,2019,15.3142629813937,
SSF,2020,15.4545536948887,
SSF,2021,15.6063735805304,
SSF,2022,15.7715129583088,
SSF,2023,15.9511213316617,
SSF,2024,16.1405462984194,
SSF,2025,16.3330236871319,
SWE,1960,10.7499262491155,
SWE,1961,11.0039257989164,
SWE,1962,11.4819532616694,
SWE,1963,11.9793096773311,
SWE,1964,12.4761106196111,
SWE,1965,12.9665252235852,
SWE,1966,13.2514331507338,
SWE,1967,13.340444902224,
SWE,1968,13.4579153171282,
SWE,1969,13.5567926595041,
SWE,1970,13.6251910248681,
SWE,1971,12.7582660828758,
SWE,1972,12.6626940644891,
SWE,1973,12.5834899153326,
SWE,1974,12.4899830942695,
SWE,1975,12.3838974898434,
SWE,1976,12.2827641850454,
SWE,1977,12.1836408718857,
SWE,1978,12.0929856557815,
SWE,1979,12.0117636590184,
SWE,1980,11.9328235464136,
SWE,1981,11.92151484111,
SWE,1982,11.9752853453398,
SWE,1983,12.0307363411815,
SWE,1984,12.0810209911589,
SWE,1985,12.1223258421826,
SWE,1986,12.155672475507,
SWE,1987,12.1767905038031,
SWE,1988,12.1826745699544,
SWE,1989,12.1631270307987,
SWE,1990,12.130891645884,
SWE,1991,12.1987148058428,
SWE,1992,12.3696321221329,
SWE,1993,12.5429758419996,
SWE,1994,12.7025781980914,
SWE,1995,12.8881710862622,
SWE,1996,13.0655611504493,
SWE,1997,13.1985735573637,
SWE,1998,13.3333800325252,
SWE,1999,13.466527069588,
SWE,2000,13.5899818183027,
SWE,2001,13.6703627264511,
SWE,2002,13.714316638801,
SWE,2003,13.7520038838034,
SWE,2004,13.786987558057,
SWE,2005,13.8208987092633,
SWE,2006,13.9149749931309,
SWE,2007,14.0684527440258,
SWE,2008,14.2186509078394,
SWE,2009,14.3592498372052,
SWE,2010,14.5015326089669,
SWE,2011,14.6641418708627,
SWE,2012,14.8360070735744,
SWE,2013,14.9929497575044,
SWE,2014,15.1300160579861,
SWE,2015,15.2583898295226,
SWE,2016,15.3576533910573,
SWE,2017,15.442698716943,
SWE,2018,15.5570978654601,
SWE,2019,15.6440770289624,
SWE,2020,15.7705814163058,
SWE,2021,15.904388050052,
SWE,2022,16.0108653228811,
SWE,2023,16.1348142366555,
SWE,2024,16.2691707028074,
SWE,2025,16.3992386251465,
SYR,1960,26.1298384508398,
SYR,1961,26.4180247560672,
SYR,1962,26.7973359358302,
SYR,1963,27.1665192241727,
SYR,1964,27.5275204224185,
SYR,1965,27.8765882154455,
SYR,1966,28.2200880113859,
SYR,1967,28.5589888290521,
SYR,1968,28.8964300516731,
SYR,1969,29.2262912446402,
SYR,1970,29.5499379447949,
SYR,1971,29.7829191278572,
SYR,1972,29.9848345098113,
SYR,1973,30.1912193510748,
SYR,1974,30.4028807914371,
SYR,1975,30.6076064113405,
SYR,1976,30.8074634273639,
SYR,1977,31.0010838636569,
SYR,1978,31.1994767793985,
SYR,1979,31.4099005196199,
SYR,1980,31.6355058233381,
SYR,1981,31.8706454047536,
SYR,1982,31.7757691790587,
SYR,1983,31.5762676493812,
SYR,1984,31.3522345301869,
SYR,1985,31.1271136545529,
SYR,1986,30.9167338917102,
SYR,1987,30.7226504209397,
SYR,1988,30.5500114409251,
SYR,1989,30.403988485154,
SYR,1990,30.2866523870183,
SYR,1991,30.199622966837,
SYR,1992,30.1385349941366,
SYR,1993,30.0936974065661,
SYR,1994,30.0734985325419,
SYR,1995,30.0795981282088,
SYR,1996,30.1248879352547,
SYR,1997,30.1962076704575,
SYR,1998,30.2858022733035,
SYR,1999,30.389576425674,
SYR,2000,30.513368042867,
SYR,2001,30.6504979257346,
SYR,2002,30.8045381780012,
SYR,2003,30.9733708917332,
SYR,2004,31.1196700637377,
SYR,2005,31.235854020266,
SYR,2006,30.8245466140436,
SYR,2007,29.8563717656354,
SYR,2008,29.6899313587869,
SYR,2009,30.1150399766228,
SYR,2010,30.3336726947689,
SYR,2011,24.9248079975879,
SYR,2012,21.6723390309469,
SYR,2013,20.2925363123881,
SYR,2014,19.803716734113,
SYR,2015,22.8747818876026,
SYR,2016,26.6417954849458,
SYR,2017,27.250728074992,
SYR,2018,27.420678833651,
SYR,2019,27.032578224499,
SYR,2020,26.8160718278866,
SYR,2021,26.8436276214364,
SYR,2022,26.7053548203017,
SYR,2023,26.4095128792691,
SYR,2024,26.3554381431182,
SYR,2025,26.549319416105,
TCD,1960,2.33717331871398,
TCD,1961,2.54718348352334,
TCD,1962,2.77623301186107,
TCD,1963,2.92304155783647,
TCD,1964,3.07696587038043,
TCD,1965,3.23639241069047,
TCD,1966,3.40576296396614,
TCD,1967,3.58442553424358,
TCD,1968,3.77197559352652,
TCD,1969,3.96665345608312,
TCD,1970,4.16915694608228,
TCD,1971,4.38064505284037,
TCD,1972,4.59769878754317,
TCD,1973,4.8924097363989,
TCD,1974,5.20969724075093,
TCD,1975,5.55517160783388,
TCD,1976,5.93367153600419,
TCD,1977,6.34434733787246,
TCD,1978,6.78760275161934,
TCD,1979,6.90877847482035,
TCD,1980,7.16634632228483,
TCD,1981,7.440279816738,
TCD,1982,7.37945034307393,
TCD,1983,7.3005123385009,
TCD,1984,7.49030999109045,
TCD,1985,7.70799186620643,
TCD,1986,7.77660701087721,
TCD,1987,7.80579036608622,
TCD,1988,7.84474266042994,
TCD,1989,7.88272567842455,
TCD,1990,7.97085594734133,
TCD,1991,7.98850922929267,
TCD,1992,7.9598514577454,
TCD,1993,8.07654560632697,
TCD,1994,8.1837265698133,
TCD,1995,8.1195486456322,
TCD,1996,8.0544575058825,
TCD,1997,8.06754201820356,
TCD,1998,8.08199938530062,
TCD,1999,8.09058576222788,
TCD,2000,8.10397630758968,
TCD,2001,8.12354528400554,
TCD,2002,8.13461366324887,
TCD,2003,8.10404230344274,
TCD,2004,8.0370373655902,
TCD,2005,8.00360802363108,
TCD,2006,8.00534333405813,
TCD,2007,8.01933103885158,
TCD,2008,8.02936766357368,
TCD,2009,8.03269514402265,
TCD,2010,8.04504338044641,
TCD,2011,8.05182470838684,
TCD,2012,8.06001938687751,
TCD,2013,8.06363764316896,
TCD,2014,8.06722092079332,
TCD,2015,8.10207336740895,
TCD,2016,8.14070847134784,
TCD,2017,8.16581757421977,
TCD,2018,8.18665219656373,
TCD,2019,8.21999202527889,
TCD,2020,8.25877219540637,
TCD,2021,8.27962977681574,
TCD,2022,8.30431730348047,
TCD,2023,8.24224196368934,
TCD,2024,8.15610605443398,
TCD,2025,8.20228621569385,
TEC,1960,11.2601185600018,
TEC,1961,11.4128483566453,
TEC,1962,11.5782538461846,
TEC,1963,11.74905850537,
TEC,1964,11.9275380101626,
TEC,1965,12.1220508387176,
TEC,1966,12.3398261074285,
TEC,1967,12.5539329925775,
TEC,1968,12.7801773274406,
TEC,1969,13.0186703400486,
TEC,1970,13.2571619683011,
TEC,1971,13.4516401899159,
TEC,1972,13.6306208722064,
TEC,1973,13.8165942280703,
TEC,1974,14.0085610835617,
TEC,1975,14.2057793293981,
TEC,1976,14.3906232315588,
TEC,1977,14.5666731917327,
TEC,1978,14.7448477725551,
TEC,1979,14.8865500679033,
TEC,1980,14.9711768951711,
TEC,1981,15.0716397984918,
TEC,1982,15.1760419090425,
TEC,1983,15.2809032598459,
TEC,1984,15.379598225483,
TEC,1985,15.483453506891,
TEC,1986,15.5837240213487,
TEC,1987,15.6827762327414,
TEC,1988,15.7936574580307,
TEC,1989,15.8673128122237,
TEC,1990,15.9232244001158,
TEC,1991,15.9750973098799,
TEC,1992,16.004977958971,
TEC,1993,16.0325030510886,
TEC,1994,16.0981104046474,
TEC,1995,16.1981338140202,
TEC,1996,16.3273246291444,
TEC,1997,16.4797244295303,
TEC,1998,16.6263903817075,
TEC,1999,16.7740210761887,
TEC,2000,16.9481518221346,
TEC,2001,17.1524012651073,
TEC,2002,17.3900098805748,
TEC,2003,17.6351228016799,
TEC,2004,17.8819776351358,
TEC,2005,18.1345033334002,
TEC,2006,18.388407471406,
TEC,2007,18.668392732361,
TEC,2008,18.9099885862714,
TEC,2009,19.1451489719182,
TEC,2010,19.3911719800412,
TEC,2011,19.6422003132655,
TEC,2012,19.8448930781092,
TEC,2013,19.9986036833866,
TEC,2014,20.1499666394165,
TEC,2015,20.298759005113,
TEC,2016,20.4429329868305,
TEC,2017,20.5962516581959,
TEC,2018,20.7614434357246,
TEC,2019,20.8784750398452,
TEC,2020,21.0468815831266,
TEC,2021,21.2401900683719,
TEC,2022,21.5468797341511,
TEC,2023,21.8512470415946,
TEC,2024,21.9478972198999,
TEC,2025,21.9717116663114,
TGO,1960,5.67231084626833,
TGO,1961,6.19010675291314,
TGO,1962,6.50136558337503,
TGO,1963,6.82306444156386,
TGO,1964,7.15484519925976,
TGO,1965,7.49667136634147,
TGO,1966,7.85128709055671,
TGO,1967,8.22019862356255,
TGO,1968,8.60430104994924,
TGO,1969,8.79199340711828,
TGO,1970,8.91611823893987,
TGO,1971,9.1535102300811,
TGO,1972,9.43340296681544,
TGO,1973,9.74199299640437,
TGO,1974,10.0718631513976,
TGO,1975,10.4205055938073,
TGO,1976,10.787568635159,
TGO,1977,11.1685676072298,
TGO,1978,11.5614541615514,
TGO,1979,11.9513371346131,
TGO,1980,12.3222402457828,
TGO,1981,12.6638860333954,
TGO,1982,13.0734468465573,
TGO,1983,13.5751911342838,
TGO,1984,14.0995246548088,
TGO,1985,14.5757181239609,
TGO,1986,15.0213873568867,
TGO,1987,15.4979052947156,
TGO,1988,15.9929402592284,
TGO,1989,16.3241859116287,
TGO,1990,16.6699111286662,
TGO,1991,17.0303947328493,
TGO,1992,17.4080330449646,
TGO,1993,18.5133182474986,
TGO,1994,19.3859509146984,
TGO,1995,19.3614324465691,
TGO,1996,19.5026911288759,
TGO,1997,19.823560183239,
TGO,1998,20.3277503578384,
TGO,1999,20.8518494545576,
TGO,2000,21.3865479641166,
TGO,2001,21.934266204255,
TGO,2002,22.4996568618675,
TGO,2003,23.0755559832615,
TGO,2004,23.681181977233,
TGO,2005,24.2926766908904,
TGO,2006,24.1302886493692,
TGO,2007,23.8949920874226,
TGO,2008,23.6500398070261,
TGO,2009,23.4024406673946,
TGO,2010,23.1814123394587,
TGO,2011,23.0551510618588,
TGO,2012,23.0215497560913,
TGO,2013,23.0258861501243,
TGO,2014,23.0624402174571,
TGO,2015,23.1244507885312,
TGO,2016,23.2093587398436,
TGO,2017,23.3208080513507,
TGO,2018,23.407023083031,
TGO,2019,23.4294956971361,
TGO,2020,23.4702789682763,
TGO,2021,23.618352213963,
TGO,2022,23.8642785825971,
TGO,2023,24.0959526255951,
TGO,2024,24.2992911010666,
TGO,2025,24.5441316928833,
THA,1960,8.45930434246978,
THA,1961,8.52025512603211,
THA,1962,8.57976745231213,
THA,1963,8.63824614834504,
THA,1964,8.69708169196485,
THA,1965,8.75554750972709,
THA,1966,8.81736190136835,
THA,1967,8.88340298435722,
THA,1968,8.95464047412901,
THA,1969,9.03140529668767,
THA,1970,9.12334031476752,
THA,1971,9.25071662486575,
THA,1972,9.38407144696243,
THA,1973,9.52098767511489,
THA,1974,9.66948299185658,
THA,1975,9.8311981153886,
THA,1976,10.0096657229443,
THA,1977,10.1980385853096,
THA,1978,10.3965664782844,
THA,1979,10.6079340792658,
THA,1980,10.7860320417808,
THA,1981,10.8437000244011,
THA,1982,10.9110435913557,
THA,1983,10.9840035921543,
THA,1984,11.0656980706726,
THA,1985,11.1572746881273,
THA,1986,11.2609162005567,
THA,1987,11.3764144386159,
THA,1988,11.5026025779506,
THA,1989,11.6421532852002,
THA,1990,11.769789318925,
THA,1991,11.7741357374605,
THA,1992,11.7941792324958,
THA,1993,11.8308904243955,
THA,1994,11.8892541465321,
THA,1995,11.9678977875345,
THA,1996,12.0687838384151,
THA,1997,12.1929184397542,
THA,1998,12.3413254602412,
THA,1999,12.5190430292806,
THA,2000,12.752102259061,
THA,2001,13.0574061508183,
THA,2002,13.3818885898404,
THA,2003,13.7228529013754,
THA,2004,14.082786440583,
THA,2005,14.4607953476522,
THA,2006,14.8592409407285,
THA,2007,15.278685884143,
THA,2008,15.7215257713603,
THA,2009,16.186482950652,
THA,2010,16.6838411514167,
THA,2011,17.02483891248,
THA,2012,17.3356745939266,
THA,2013,17.6567970094515,
THA,2014,17.9948558147419,
THA,2015,18.3521733771217,
THA,2016,18.7185037572975,
THA,2017,19.097653579803,
THA,2018,19.5079895044389,
THA,2019,19.8130467641331,
THA,2020,20.1168013214243,
THA,2021,20.4202200076255,
THA,2022,20.7359180021325,
THA,2023,21.0542682406811,
THA,2024,21.3644787770097,
THA,2025,21.6706418441487,
TLA,1960,23.5824626459468,
TLA,1961,23.9905011253659,
TLA,1962,24.396818717726,
TLA,1963,24.8180012513755,
TLA,1964,25.2586129939422,
TLA,1965,25.6916546433141,
TLA,1966,26.1504582327652,
TLA,1967,26.6364414565558,
TLA,1968,27.153188044839,
TLA,1969,27.6964026186339,
TLA,1970,28.2550070956051,
TLA,1971,28.6995009772219,
TLA,1972,29.110053151035,
TLA,1973,29.5056701830659,
TLA,1974,29.879269296954,
TLA,1975,30.2566319017458,
TLA,1976,30.6567913707719,
TLA,1977,31.0694699881479,
TLA,1978,31.4985313356207,
TLA,1979,31.9496168186721,
TLA,1980,32.4201151431795,
TLA,1981,32.6061620547733,
TLA,1982,32.7315437702173,
TLA,1983,32.8393084997701,
TLA,1984,32.9592713321215,
TLA,1985,33.0977513950678,
TLA,1986,33.2553744819088,
TLA,1987,33.4319302663661,
TLA,1988,33.627871521862,
TLA,1989,33.8398458935154,
TLA,1990,34.0501816314674,
TLA,1991,34.2197574106382,
TLA,1992,34.3462726862898,
TLA,1993,34.4695276704688,
TLA,1994,34.6090764091124,
TLA,1995,34.7677378959533,
TLA,1996,34.941653698324,
TLA,1997,35.1246049703208,
TLA,1998,35.3213633355686,
TLA,1999,35.5368175494073,
TLA,2000,35.7647519717138,
TLA,2001,35.8738707572567,
TLA,2002,35.9827661234452,
TLA,2003,36.0924349643681,
TLA,2004,36.2184463368787,
TLA,2005,36.3575664147338,
TLA,2006,36.5057255112561,
TLA,2007,36.6639691862735,
TLA,2008,36.8317118578658,
TLA,2009,36.9963996168649,
TLA,2010,37.0634719144479,
TLA,2011,37.2186292303059,
TLA,2012,37.3750172452301,
TLA,2013,37.5412380847179,
TLA,2014,37.7194807646282,
TLA,2015,37.9135352670227,
TLA,2016,38.0957935562955,
TLA,2017,38.2936110563012,
TLA,2018,38.5154623392689,
TLA,2019,38.6652365281946,
TLA,2020,38.8539396974896,
TLA,2021,39.0891327460215,
TLA,2022,39.3104054220263,
TLA,2023,39.4908561994345,
TLA,2024,39.6621174894125,
TLA,2025,39.8345984117888,
TMN,1960,13.6229767711725,
TMN,1961,13.9582448055996,
TMN,1962,14.2911475721213,
TMN,1963,14.6264279629884,
TMN,1964,14.9699260619983,
TMN,1965,15.3231973064572,
TMN,1966,15.6354612659414,
TMN,1967,15.8600325325104,
TMN,1968,16.0851886846087,
TMN,1969,16.3131173034478,
TMN,1970,16.5491562003715,
TMN,1971,16.816968085905,
TMN,1972,17.0966932494669,
TMN,1973,17.3636569697466,
TMN,1974,17.6137876112687,
TMN,1975,17.8535619896064,
TMN,1976,18.0354321600648,
TMN,1977,18.1932977939717,
TMN,1978,18.313974052109,
TMN,1979,18.429155877267,
TMN,1980,18.5255105278001,
TMN,1981,18.597659017394,
TMN,1982,18.6306149201642,
TMN,1983,18.6315053576556,
TMN,1984,18.6277647857663,
TMN,1985,18.636358649302,
TMN,1986,18.6607309915287,
TMN,1987,18.6403975023946,
TMN,1988,18.6293823575238,
TMN,1989,18.6032938165008,
TMN,1990,18.595195453248,
TMN,1991,18.6096609966209,
TMN,1992,18.63682057277,
TMN,1993,18.6702667306032,
TMN,1994,18.7324967254126,
TMN,1995,18.7841546676449,
TMN,1996,18.8391641641431,
TMN,1997,18.8866490429249,
TMN,1998,18.9229601608676,
TMN,1999,18.9449267895605,
TMN,2000,18.9846222532974,
TMN,2001,19.0320245368154,
TMN,2002,19.0991549017778,
TMN,2003,19.1403569942851,
TMN,2004,19.104652302987,
TMN,2005,19.0677181955838,
TMN,2006,19.0346307331836,
TMN,2007,19.0200538323289,
TMN,2008,19.0772751770046,
TMN,2009,19.1274375984303,
TMN,2010,19.16991647962,
TMN,2011,18.9998459255016,
TMN,2012,18.9064863828296,
TMN,2013,18.870933946256,
TMN,2014,18.878127765699,
TMN,2015,19.0434591338439,
TMN,2016,19.2618095077005,
TMN,2017,19.3866428057276,
TMN,2018,19.4982798470388,
TMN,2019,19.5675949356793,
TMN,2020,19.6451254943083,
TMN,2021,19.7344556577663,
TMN,2022,19.8275751641584,
TMN,2023,19.9141545888441,
TMN,2024,20.0085566883432,
TMN,2025,20.1215924028738,
TSA,1960,7.03109717115699,
TSA,1961,7.09758119543799,
TSA,1962,7.17739053839029,
TSA,1963,7.26117415062153,
TSA,1964,7.34813318637143,
TSA,1965,7.44286947332564,
TSA,1966,7.54835756390211,
TSA,1967,7.6563557609318,
TSA,1968,7.7680190723209,
TSA,1969,7.88577802142735,
TSA,1970,8.00261362805029,
TSA,1971,8.13197561753006,
TSA,1972,8.26912316591116,
TSA,1973,8.39765669381752,
TSA,1974,8.52458291398571,
TSA,1975,8.64609787950104,
TSA,1976,8.77340364360156,
TSA,1977,8.90367999951902,
TSA,1978,9.04333495998984,
TSA,1979,9.18594247812587,
TSA,1980,9.32898987272806,
TSA,1981,9.46010702282906,
TSA,1982,9.5618462835032,
TSA,1983,9.66690161963201,
TSA,1984,9.7766423232974,
TSA,1985,9.89189618523368,
TSA,1986,10.0143831771159,
TSA,1987,10.1446357691101,
TSA,1988,10.2835671148034,
TSA,1989,10.4280161351643,
TSA,1990,10.579850916744,
TSA,1991,10.7221023207844,
TSA,1992,10.831427646608,
TSA,1993,10.9459366919923,
TSA,1994,11.069792670157,
TSA,1995,11.2000428417272,
TSA,1996,11.3364413191338,
TSA,1997,11.4784217710602,
TSA,1998,11.6274631098665,
TSA,1999,11.783922156222,
TSA,2000,11.9485900940005,
TSA,2001,12.0868869483782,
TSA,2002,12.1753935004573,
TSA,2003,12.2761241768324,
TSA,2004,12.3850010386723,
TSA,2005,12.5055292421673,
TSA,2006,12.6388167032142,
TSA,2007,12.7835401058988,
TSA,2008,12.9413255397114,
TSA,2009,13.1025091160621,
TSA,2010,13.2682361909922,
TSA,2011,13.4426425909361,
TSA,2012,13.6264196922796,
TSA,2013,13.8204092192071,
TSA,2014,14.028395973391,
TSA,2015,14.250054176217,
TSA,2016,14.478038658399,
TSA,2017,14.7173261175262,
TSA,2018,14.9720349826358,
TSA,2019,15.2148764421608,
TSA,2020,15.4666828140388,
TSA,2021,15.7404803199051,
TSA,2022,16.017462584699,
TSA,2023,16.2786859474124,
TSA,2024,16.5365207994365,
TSA,2025,16.7917070753097,
TSS,1960,5.78268173036802,
TSS,1961,5.96013584183706,
TSS,1962,6.1424785764729,
TSS,1963,6.32310273262806,
TSS,1964,6.49928635077054,
TSS,1965,6.67516534087349,
TSS,1966,6.8600685360207,
TSS,1967,7.05575027436212,
TSS,1968,7.26060314635395,
TSS,1969,7.47288250754843,
TSS,1970,7.67764270969936,
TSS,1971,7.86591524406651,
TSS,1972,8.07128456895079,
TSS,1973,8.27068409419272,
TSS,1974,8.46537816372996,
TSS,1975,8.66672434107292,
TSS,1976,8.86567637649797,
TSS,1977,9.06543032294554,
TSS,1978,9.25473587035648,
TSS,1979,9.40851472107611,
TSS,1980,9.57715282224755,
TSS,1981,9.73751061487813,
TSS,1982,9.89312521891806,
TSS,1983,10.0820180083391,
TSS,1984,10.2643924376298,
TSS,1985,10.4447886339201,
TSS,1986,10.6320755410832,
TSS,1987,10.8214748744519,
TSS,1988,11.0162045469914,
TSS,1989,11.2096796998802,
TSS,1990,11.4187244636552,
TSS,1991,11.6392041350453,
TSS,1992,11.7694458912871,
TSS,1993,11.8829887504633,
TSS,1994,11.99683959879,
TSS,1995,12.1240584077434,
TSS,1996,12.3308024491712,
TSS,1997,12.467992407478,
TSS,1998,12.5967493240003,
TSS,1999,12.7223365354423,
TSS,2000,12.8674059267478,
TSS,2001,13.0137534764699,
TSS,2002,13.1528233290872,
TSS,2003,13.2870252258691,
TSS,2004,13.4247554706533,
TSS,2005,13.530644294103,
TSS,2006,13.6388288999144,
TSS,2007,13.6828867548557,
TSS,2008,13.8016610084357,
TSS,2009,13.9331312851344,
TSS,2010,14.0669792038258,
TSS,2011,14.208256266275,
TSS,2012,14.3517113515951,
TSS,2013,14.4958451018964,
TSS,2014,14.6395563889707,
TSS,2015,14.7672290017522,
TSS,2016,14.9041603111158,
TSS,2017,15.0449395027454,
TSS,2018,15.1840839798169,
TSS,2019,15.3142629813937,
TSS,2020,15.4545536948887,
TSS,2021,15.6063735805304,
TSS,2022,15.7715129583088,
TSS,2023,15.9511213316617,
TSS,2024,16.1405462984194,
TSS,2025,16.3330236871319,
TUN,1960,13.7855940353686,
TUN,1961,13.9241726320686,
TUN,1962,14.0539456771316,
TUN,1963,14.1705090723541,
TUN,1964,14.2758508099011,
TUN,1965,14.3562317147095,
TUN,1966,14.4051517028077,
TUN,1967,14.5323326969084,
TUN,1968,14.6381103379394,
TUN,1969,14.7348380930953,
TUN,1970,14.8365863792231,
TUN,1971,14.9380290395157,
TUN,1972,15.0371245962935,
TUN,1973,15.1291744157109,
TUN,1974,15.2142233661948,
TUN,1975,15.2912816722387,
TUN,1976,15.3721180978337,
TUN,1977,15.4596924494443,
TUN,1978,15.5723294961954,
TUN,1979,15.7107058882021,
TUN,1980,15.852635291571,
TUN,1981,15.9971821249299,
TUN,1982,16.1559970830736,
TUN,1983,16.3361450565653,
TUN,1984,16.4924756691233,
TUN,1985,16.6474513903893,
TUN,1986,16.8145445818527,
TUN,1987,16.9955482595799,
TUN,1988,17.2007940369481,
TUN,1989,17.4315906208061,
TUN,1990,17.6839859263772,
TUN,1991,17.9383443111698,
TUN,1992,18.198097509108,
TUN,1993,18.4788398166159,
TUN,1994,18.7017766249803,
TUN,1995,18.5573968116606,
TUN,1996,18.4379206819739,
TUN,1997,18.3348847872951,
TUN,1998,18.2482369170922,
TUN,1999,18.1763745366464,
TUN,2000,18.1174068234965,
TUN,2001,18.0682204696263,
TUN,2002,18.0266388808521,
TUN,2003,17.990103292098,
TUN,2004,17.9906125841185,
TUN,2005,18.1226958642177,
TUN,2006,18.2546506469394,
TUN,2007,18.3813328516749,
TUN,2008,18.5009250533666,
TUN,2009,18.6097489916372,
TUN,2010,18.7089424279072,
TUN,2011,18.8026035190958,
TUN,2012,18.8933487149951,
TUN,2013,18.9722691868615,
TUN,2014,19.0525645610614,
TUN,2015,19.1441717188797,
TUN,2016,19.2412501212195,
TUN,2017,19.3487608855862,
TUN,2018,19.4702670873538,
TUN,2019,19.602577868732,
TUN,2020,19.7527120507277,
TUN,2021,19.9415335629253,
TUN,2022,20.1282017642224,
TUN,2023,20.2898241873586,
TUN,2024,20.450034287388,
TUN,2025,20.6099441611593,
TUR,1960,11.8225487433806,
TUR,1961,12.228056929237,
TUR,1962,12.752594777663,
TUR,1963,13.3054517384329,
TUR,1964,13.8932790059256,
TUR,1965,14.5229094128901,
TUR,1966,15.0545583789001,
TUR,1967,15.5448797534691,
TUR,1968,16.072314840258,
TUR,1969,16.6364077296341,
TUR,1970,17.2478131930473,
TUR,1971,17.6626794632669,
TUR,1972,17.9823295837929,
TUR,1973,18.3250612205337,
TUR,1974,18.6971978327706,
TUR,1975,19.1070102676225,
TUR,1976,19.4551601738082,
TUR,1977,19.7682325080474,
TUR,1978,20.1002050483963,
TUR,1979,20.4530717958256,
TUR,1980,20.809933049343,
TUR,1981,21.2387505588695,
TUR,1982,21.6718295825274,
TUR,1983,22.0680135429324,
TUR,1984,22.4854651329912,
TUR,1985,22.9274244549132,
TUR,1986,23.3337541059125,
TUR,1987,23.7404915290706,
TUR,1988,24.167457589114,
TUR,1989,24.6108121067893,
TUR,1990,25.0879093955708,
TUR,1991,25.4396838218606,
TUR,1992,25.7386301576417,
TUR,1993,26.034787914887,
TUR,1994,26.3329033313813,
TUR,1995,26.6626210786182,
TUR,1996,27.0336552677147,
TUR,1997,27.4257208482413,
TUR,1998,27.7890553988732,
TUR,1999,28.1372115210132,
TUR,2000,28.5073244854592,
TUR,2001,29.0273044683377,
TUR,2002,29.6321552087551,
TUR,2003,30.2643482629737,
TUR,2004,30.9266462307452,
TUR,2005,31.616568673589,
TUR,2006,32.3379572282522,
TUR,2007,33.3648203075932,
TUR,2008,34.0488791834023,
TUR,2009,34.7052534143699,
TUR,2010,35.3279811982557,
TUR,2011,35.9817666689404,
TUR,2012,36.448926594449,
TUR,2013,36.6433560684704,
TUR,2014,36.817302879002,
TUR,2015,36.9583394737195,
TUR,2016,37.0564672184686,
TUR,2017,37.1720795633089,
TUR,2018,37.268469507932,
TUR,2019,37.3419255446634,
TUR,2020,37.5898018676812,
TUR,2021,37.8527227688944,
TUR,2022,38.0638151512346,
TUR,2023,38.4584879878007,
TUR,2024,38.8830561788146,
TUR,2025,39.1973824059175,
TZA,1960,1.8761351277024,
TZA,1961,1.95625471270487,
TZA,1962,2.03909206125696,
TZA,1963,2.12489842148657,
TZA,1964,2.21316364939567,
TZA,1965,2.30380321109523,
TZA,1966,2.39781850015291,
TZA,1967,2.49476459595566,
TZA,1968,2.64739714313737,
TZA,1969,2.81516794894413,
TZA,1970,2.99258627476223,
TZA,1971,3.17965542734251,
TZA,1972,3.37608675773732,
TZA,1973,3.58268741829252,
TZA,1974,3.80215954241297,
TZA,1975,4.03389786608442,
TZA,1976,4.28043719095081,
TZA,1977,4.54176352591542,
TZA,1978,4.823980286335,
TZA,1979,4.96054278718664,
TZA,1980,5.08034255128345,
TZA,1981,5.208119626562,
TZA,1982,5.33948677091155,
TZA,1983,5.4616882434876,
TZA,1984,5.58846279266521,
TZA,1985,5.71733424680534,
TZA,1986,5.84704586305862,
TZA,1987,5.98261084365797,
TZA,1988,6.13614560959715,
TZA,1989,6.25934228945681,
TZA,1990,6.37882725326536,
TZA,1991,6.50533471523765,
TZA,1992,6.63738927104595,
TZA,1993,6.72822053054472,
TZA,1994,6.77299058540016,
TZA,1995,6.86578309270983,
TZA,1996,7.05241964957916,
TZA,1997,7.22971868246999,
TZA,1998,7.3670458326036,
TZA,1999,7.5037634762178,
TZA,2000,7.63117744501854,
TZA,2001,7.77084142617233,
TZA,2002,7.92270124024315,
TZA,2003,8.15578132441869,
TZA,2004,8.39890024756972,
TZA,2005,8.64258698288473,
TZA,2006,8.89179479826009,
TZA,2007,9.14904828495905,
TZA,2008,9.42283157572499,
TZA,2009,9.72624043343099,
TZA,2010,10.0324367525552,
TZA,2011,10.3219016676897,
TZA,2012,10.6120623308945,
TZA,2013,10.894035834086,
TZA,2014,11.1761648786237,
TZA,2015,11.4448421772746,
TZA,2016,11.7029661091974,
TZA,2017,11.9748228708338,
TZA,2018,12.2757964380019,
TZA,2019,12.5543366019888,
TZA,2020,12.8288027720165,
TZA,2021,13.0970062714216,
TZA,2022,13.3671605377942,
TZA,2023,13.6399662875907,
TZA,2024,13.9136860494646,
TZA,2025,14.1877472194862,
UGA,1960,1.79932581884532,
UGA,1961,1.92488963354738,
UGA,1962,2.05887597622955,
UGA,1963,2.20096492982738,
UGA,1964,2.35204358352891,
UGA,1965,2.51213583867383,
UGA,1966,2.68265535910653,
UGA,1967,2.86355804340645,
UGA,1968,3.05557981804234,
UGA,1969,3.26061537767186,
UGA,1970,3.29247307806743,
UGA,1971,3.30251645146082,
UGA,1972,3.32416664798789,
UGA,1973,3.3504315594178,
UGA,1974,3.37230803811272,
UGA,1975,3.39065127877979,
UGA,1976,3.40818293546706,
UGA,1977,3.42493799793506,
UGA,1978,3.44153885172626,
UGA,1979,3.46656167900679,
UGA,1980,3.52966361727003,
UGA,1981,3.62516682093515,
UGA,1982,3.71530711750947,
UGA,1983,3.80135370279079,
UGA,1984,3.88197931813525,
UGA,1985,3.95858378515891,
UGA,1986,4.03277720449981,
UGA,1987,4.10074607453725,
UGA,1988,4.16648376371233,
UGA,1989,4.23093161726815,
UGA,1990,4.29634277309651,
UGA,1991,4.36372725319443,
UGA,1992,4.43033048865714,
UGA,1993,4.49521091648457,
UGA,1994,4.56581672870501,
UGA,1995,4.66657572678395,
UGA,1996,4.77132380820053,
UGA,1997,4.86813580095869,
UGA,1998,4.96352206978511,
UGA,1999,5.04733119920596,
UGA,2000,5.13782622191945,
UGA,2001,5.2336860791356,
UGA,2002,5.32783036141256,
UGA,2003,5.42222706602322,
UGA,2004,5.52743807061183,
UGA,2005,5.63756287752846,
UGA,2006,5.75070093588585,
UGA,2007,5.86531136532941,
UGA,2008,5.98240583285551,
UGA,2009,6.1012075519907,
UGA,2010,6.22262764595949,
UGA,2011,6.34722232590625,
UGA,2012,6.47654318298296,
UGA,2013,6.60989960619794,
UGA,2014,6.74093327756459,
UGA,2015,6.86619428412111,
UGA,2016,6.97641536083057,
UGA,2017,7.07646052052961,
UGA,2018,7.18463201180797,
UGA,2019,7.29701508875528,
UGA,2020,7.41919770299276,
UGA,2021,7.55704578408671,
UGA,2022,7.71868342633193,
UGA,2023,7.90458421047537,
UGA,2024,8.09920733525793,
UGA,2025,8.30041996389055,
UKR,1960,6.59569602559942,
UKR,1961,6.70285180800284,
UKR,1962,6.81832156319019,
UKR,1963,6.9409589753781,
UKR,1964,7.07193826116507,
UKR,1965,7.21425692686778,
UKR,1966,7.36384826345468,
UKR,1967,7.51770361373644,
UKR,1968,7.67839285455705,
UKR,1969,7.84873106958545,
UKR,1970,8.01378192976724,
UKR,1971,8.15034916548861,
UKR,1972,8.27951458710787,
UKR,1973,8.41855503355306,
UKR,1974,8.56635204996977,
UKR,1975,8.71931655124342,
UKR,1976,8.88191411702593,
UKR,1977,9.05485942542193,
UKR,1978,9.23774873744587,
UKR,1979,9.3744761433718,
UKR,1980,9.4507289258173,
UKR,1981,9.52767583978738,
UKR,1982,9.60983973802686,
UKR,1983,9.68916837518252,
UKR,1984,9.76668795083062,
UKR,1985,9.85065381146915,
UKR,1986,9.93815417738684,
UKR,1987,10.0294061627621,
UKR,1988,10.1197348980383,
UKR,1989,10.1405631134298,
UKR,1990,10.0889858956718,
UKR,1991,10.0416072458393,
UKR,1992,9.9877606064758,
UKR,1993,9.9584459452877,
UKR,1994,9.98663530173728,
UKR,1995,10.0417436852831,
UKR,1996,10.1036094699287,
UKR,1997,10.1667684481929,
UKR,1998,10.2246814299187,
UKR,1999,10.2829340845886,
UKR,2000,10.345747675489,
UKR,2001,10.4162626582378,
UKR,2002,10.5059709477199,
UKR,2003,10.599570701819,
UKR,2004,10.689007288049,
UKR,2005,10.8103790990695,
UKR,2006,10.9317380890428,
UKR,2007,11.0338573579922,
UKR,2008,11.1441433985114,
UKR,2009,11.2364945653963,
UKR,2010,11.3152739377944,
UKR,2011,11.3901091462824,
UKR,2012,11.4532992559022,
UKR,2013,11.5133359652107,
UKR,2014,11.5918579808137,
UKR,2015,11.6796661501645,
UKR,2016,11.7635613100007,
UKR,2017,11.8516091663884,
UKR,2018,11.9529277715119,
UKR,2019,12.0468844123705,
UKR,2020,12.1451819598803,
UKR,2021,12.2692231635102,
UKR,2022,13.2562840013266,
UKR,2023,14.431878377761,
UKR,2024,14.3866091008819,
UKR,2025,13.9574820930409,
URY,1960,50.7897169793795,
URY,1961,50.4472210469453,
URY,1962,50.1314542331811,
URY,1963,49.8397722967673,
URY,1964,49.5765835714124,
URY,1965,49.3462739573671,
URY,1966,49.150184329857,
URY,1967,48.9926533803125,
URY,1968,48.8808199793364,
URY,1969,48.8236731851128,
URY,1970,48.8136943901889,
URY,1971,48.8259951497651,
URY,1972,48.8483664133392,
URY,1973,48.8661264734505,
URY,1974,48.8630470674968,
URY,1975,48.8424688057041,
URY,1976,48.8710282106335,
URY,1977,48.9176173868631,
URY,1978,48.9970144050258,
URY,1979,49.112504732299,
URY,1980,49.2655879006204,
URY,1981,49.431603046119,
URY,1982,49.5835310597373,
URY,1983,49.7194505580542,
URY,1984,49.8501576026282,
URY,1985,49.9674017918905,
URY,1986,49.9986316478422,
URY,1987,49.9803927740487,
URY,1988,49.9475710414833,
URY,1989,49.9121103084483,
URY,1990,49.8810882478853,
URY,1991,49.8549491825719,
URY,1992,49.8403988658796,
URY,1993,49.837802901774,
URY,1994,49.8393549741335,
URY,1995,49.8404422092907,
URY,1996,49.813711901854,
URY,1997,49.5754565521221,
URY,1998,49.3563075745227,
URY,1999,49.15739478767,
URY,2000,48.9985016254333,
URY,2001,48.9025429021782,
URY,2002,48.8581574062016,
URY,2003,48.8480994372157,
URY,2004,48.8433966424907,
URY,2005,49.0825440969562,
URY,2006,49.3073124049629,
URY,2007,49.5044387923717,
URY,2008,49.682164220755,
URY,2009,49.8465752150016,
URY,2010,50.0035256043247,
URY,2011,50.1649771178226,
URY,2012,50.3226448633912,
URY,2013,50.4606262388513,
URY,2014,50.58343418742,
URY,2015,50.6967452955255,
URY,2016,50.8171999799958,
URY,2017,50.9702405651217,
URY,2018,51.1701753466013,
URY,2019,51.3569091777184,
URY,2020,51.5564724351627,
URY,2021,51.8123057854768,
URY,2022,52.117025709595,
URY,2023,52.3717113020616,
URY,2024,52.6005230042745,
URY,2025,52.8312210756206,
USA,1960,38.7326062290019,
USA,1961,38.8465695107545,
USA,1962,39.0132637853949,
USA,1963,39.2241843776752,
USA,1964,39.461980624215,
USA,1965,39.759195174547,
USA,1966,40.1030565730566,
USA,1967,40.4818556503885,
USA,1968,40.90775064024,
USA,1969,41.3501161947335,
USA,1970,41.5943355831691,
USA,1971,41.4104709117263,
USA,1972,41.3158935853947,
USA,1973,41.2765805133336,
USA,1974,41.2629176915092,
USA,1975,41.2278807999148,
USA,1976,41.2167372210884,
USA,1977,41.1904049691472,
USA,1978,41.1513772266774,
USA,1979,41.1033511808225,
USA,1980,41.1337335240401,
USA,1981,41.1891169062083,
USA,1982,41.2620329442641,
USA,1983,41.3564809745415,
USA,1984,41.4773179264285,
USA,1985,41.5941796540072,
USA,1986,41.7016982255667,
USA,1987,41.8277796350639,
USA,1988,41.9546738432468,
USA,1989,42.0709848107318,
USA,1990,42.1499621429115,
USA,1991,42.2491811638028,
USA,1992,42.3327553271946,
USA,1993,42.4483138977912,
USA,1994,42.6093191094761,
USA,1995,42.7911017808456,
USA,1996,42.9915046363319,
USA,1997,43.1786332278284,
USA,1998,43.3895201809653,
USA,1999,43.6145337586009,
USA,2000,43.7913755280465,
USA,2001,43.8094802291709,
USA,2002,43.8598992960954,
USA,2003,43.9449775404797,
USA,2004,44.0064759347353,
USA,2005,44.0731446019382,
USA,2006,44.1265774620913,
USA,2007,44.1907617493296,
USA,2008,44.2629381209096,
USA,2009,44.36956533864,
USA,2010,44.4957815341026,
USA,2011,44.6514971368553,
USA,2012,44.81102810567,
USA,2013,44.9938284565851,
USA,2014,45.1656822159513,
USA,2015,45.3428398723378,
USA,2016,45.5326333312924,
USA,2017,45.7713421754905,
USA,2018,46.0661351656627,
USA,2019,46.2068650289245,
USA,2020,46.4022132776295,
USA,2021,46.7227694791336,
USA,2022,46.8611074809978,
USA,2023,46.8897390142197,
USA,2024,46.8611949060086,
USA,2025,47.0433053738247,
UZB,1960,11.7418345888695,
UZB,1961,11.7539911837817,
UZB,1962,11.7449037582355,
UZB,1963,11.7384929722592,
UZB,1964,11.7402769374062,
UZB,1965,11.7467796031741,
UZB,1966,11.765685770083,
UZB,1967,11.797173891425,
UZB,1968,11.840306812223,
UZB,1969,11.8980194069183,
UZB,1970,11.9253861251192,
UZB,1971,11.9085636796268,
UZB,1972,11.8975963782418,
UZB,1973,11.8838470469323,
UZB,1974,11.8694200496918,
UZB,1975,11.8546568409903,
UZB,1976,11.8411171958379,
UZB,1977,11.8280592264933,
UZB,1978,11.8271849562939,
UZB,1979,11.7715734529335,
UZB,1980,11.6384343700256,
UZB,1981,11.5063318863349,
UZB,1982,11.3748711028349,
UZB,1983,11.240554990419,
UZB,1984,11.0999199831796,
UZB,1985,10.9526538209989,
UZB,1986,10.8019185652933,
UZB,1987,10.6538063514821,
UZB,1988,10.5184261763365,
UZB,1989,10.3865194607268,
UZB,1990,10.2632177660191,
UZB,1991,10.0827938487548,
UZB,1992,9.84099670981132,
UZB,1993,9.61911191832074,
UZB,1994,9.4186822402826,
UZB,1995,9.23502904254021,
UZB,1996,9.06624581443433,
UZB,1997,8.92338721896918,
UZB,1998,8.80617465251296,
UZB,1999,8.70500205752507,
UZB,2000,8.61176160749075,
UZB,2001,8.51811037763105,
UZB,2002,8.44510901189686,
UZB,2003,8.37346004721122,
UZB,2004,8.30150580018326,
UZB,2005,8.2283418336133,
UZB,2006,8.15270794537467,
UZB,2007,8.06868205977779,
UZB,2008,7.97497007976861,
UZB,2009,7.9400012770529,
UZB,2010,7.90685922597258,
UZB,2011,7.87812357796825,
UZB,2012,7.85115376809225,
UZB,2013,7.81961013744251,
UZB,2014,7.78072483487242,
UZB,2015,7.73723447646659,
UZB,2016,7.69418647558119,
UZB,2017,7.65376465727681,
UZB,2018,7.6110700452747,
UZB,2019,7.55454751432449,
UZB,2020,7.49524539298261,
UZB,2021,7.43248917990628,
UZB,2022,7.36644241363258,
UZB,2023,7.30175188943593,
UZB,2024,7.24292176590861,
UZB,2025,7.19252210618677,
VEN,1960,28.7982362939624,
VEN,1961,29.3688264368788,
VEN,1962,29.6891012427957,
VEN,1963,30.0325208867014,
VEN,1964,30.4004430931553,
VEN,1965,30.7881692633064,
VEN,1966,31.2002947873356,
VEN,1967,31.636876837438,
VEN,1968,32.1044858018627,
VEN,1969,32.602334361085,
VEN,1970,33.1341902160121,
VEN,1971,33.6959995257647,
VEN,1972,33.8953548918191,
VEN,1973,33.9087612128082,
VEN,1974,33.9393289673185,
VEN,1975,33.9825567581817,
VEN,1976,34.037500613687,
VEN,1977,34.0997651714037,
VEN,1978,34.176173938473,
VEN,1979,34.2688811903454,
VEN,1980,34.3845329775731,
VEN,1981,34.5193630234705,
VEN,1982,34.4153663525717,
VEN,1983,34.2199061054974,
VEN,1984,34.0471640601497,
VEN,1985,33.8942265566505,
VEN,1986,33.7568937290053,
VEN,1987,33.6345770306795,
VEN,1988,33.5367192658372,
VEN,1989,33.4643156587388,
VEN,1990,33.4223667613019,
VEN,1991,33.185405135786,
VEN,1992,32.8778023023781,
VEN,1993,32.5957019965636,
VEN,1994,32.3399825124643,
VEN,1995,32.1072247991907,
VEN,1996,31.8944001382395,
VEN,1997,31.6964241904556,
VEN,1998,31.516078940782,
VEN,1999,31.3577829649589,
VEN,2000,31.2219886990133,
VEN,2001,31.1079314018675,
VEN,2002,30.908750156424,
VEN,2003,30.6736226032485,
VEN,2004,30.4622426970623,
VEN,2005,30.2655354306333,
VEN,2006,30.0872524296515,
VEN,2007,29.9348957876534,
VEN,2008,29.8140679930374,
VEN,2009,29.7213391603112,
VEN,2010,29.6465069830561,
VEN,2011,29.5812790395355,
VEN,2012,29.535813738634,
VEN,2013,29.5087575978201,
VEN,2014,29.50401167393,
VEN,2015,29.5257711363116,
VEN,2016,29.6758665163695,
VEN,2017,30.2111677341018,
VEN,2018,31.3341480251072,
VEN,2019,32.590825423288,
VEN,2020,33.485945070392,
VEN,2021,34.0698997153676,
VEN,2022,34.4489318529812,
VEN,2023,34.6998468668119,
VEN,2024,34.9376986034029,
VEN,2025,35.1735160797304,
VNM,1960,6.6599731408521,
VNM,1961,6.72762737795159,
VNM,1962,6.80071137428927,
VNM,1963,6.86349702932849,
VNM,1964,6.93412049639956,
VNM,1965,7.01441187604862,
VNM,1966,7.10679462233578,
VNM,1967,7.20922286314876,
VNM,1968,7.3230442509199,
VNM,1969,7.44000260607535,
VNM,1970,7.55443429729021,
VNM,1971,7.66875741296506,
VNM,1972,7.78884596637909,
VNM,1973,7.9144584577736,
VNM,1974,8.04299167448684,
VNM,1975,8.16669518252765,
VNM,1976,8.27471890438512,
VNM,1977,8.37766668044807,
VNM,1978,8.4846030070079,
VNM,1979,8.62706566408083,
VNM,1980,8.59648755486296,
VNM,1981,8.49794562115575,
VNM,1982,8.40166279324958,
VNM,1983,8.30332379499769,
VNM,1984,8.20521003450122,
VNM,1985,8.11469611681367,
VNM,1986,8.03889197695304,
VNM,1987,7.97401449916473,
VNM,1988,7.91063597178681,
VNM,1989,7.89406445921973,
VNM,1990,8.02127613971011,
VNM,1991,8.15081525344484,
VNM,1992,8.2891474737372,
VNM,1993,8.43796970395818,
VNM,1994,8.60054389571989,
VNM,1995,8.77838066207966,
VNM,1996,8.97425075878822,
VNM,1997,9.1806461132973,
VNM,1998,9.39449793000393,
VNM,1999,9.63392249619243,
VNM,2000,9.92072855421606,
VNM,2001,10.2238916643167,
VNM,2002,10.5407395886144,
VNM,2003,10.8711292074533,
VNM,2004,11.2169970411993,
VNM,2005,11.5784761732557,
VNM,2006,11.9064529544915,
VNM,2007,12.1905638747689,
VNM,2008,12.4760043311839,
VNM,2009,12.8103269652338,
VNM,2010,13.2013846365506,
VNM,2011,13.604811096547,
VNM,2012,14.0193845279757,
VNM,2013,14.4468108324961,
VNM,2014,14.8838479601204,
VNM,2015,15.3318908643302,
VNM,2016,15.7920122588784,
VNM,2017,16.2703318471651,
VNM,2018,16.7879209103903,
VNM,2019,17.2223224092887,
VNM,2020,17.662789449395,
VNM,2021,18.1064287215847,
VNM,2022,18.5606244260734,
VNM,2023,19.0160579651314,
VNM,2024,19.4630165107457,
VNM,2025,19.8978593459332,
WLD,1960,14.1816687081576,
WLD,1961,14.4426183779013,
WLD,1962,14.6244440756688,
WLD,1963,14.7561647603429,
WLD,1964,14.9030985397124,
WLD,1965,15.0630517508658,
WLD,1966,15.1907015660748,
WLD,1967,15.3178202753298,
WLD,1968,15.4517146797745,
WLD,1969,15.5867239723758,
WLD,1970,15.7173055028873,
WLD,1971,15.8062951152742,
WLD,1972,15.9033510916818,
WLD,1973,16.0067761080901,
WLD,1974,16.1222969464967,
WLD,1975,16.2024559768209,
WLD,1976,16.3182782967782,
WLD,1977,16.4418582669364,
WLD,1978,16.5737400966513,
WLD,1979,16.7057404204765,
WLD,1980,16.8425781996349,
WLD,1981,16.9459665835297,
WLD,1982,17.024858487968,
WLD,1983,17.122873623106,
WLD,1984,17.2322664022859,
WLD,1985,17.3482054300909,
WLD,1986,17.4733145220372,
WLD,1987,17.6056552297092,
WLD,1988,17.7400583189288,
WLD,1989,17.8829278791424,
WLD,1990,18.0394759436131,
WLD,1991,18.2093264547385,
WLD,1992,18.3591874039386,
WLD,1993,18.5181510512785,
WLD,1994,18.6977306931841,
WLD,1995,18.8965455208141,
WLD,1996,19.1131817681886,
WLD,1997,19.3344510556695,
WLD,1998,19.5743393116952,
WLD,1999,19.8374850621047,
WLD,2000,20.1279249245946,
WLD,2001,20.3268386030385,
WLD,2002,20.4908120599755,
WLD,2003,20.6624972087109,
WLD,2004,20.8368124840985,
WLD,2005,21.0183033467473,
WLD,2006,21.2061939425437,
WLD,2007,21.3969850513197,
WLD,2008,21.6082048011957,
WLD,2009,21.8296845106453,
WLD,2010,22.0555441126216,
WLD,2011,22.2416662071996,
WLD,2012,22.4106848998058,
WLD,2013,22.5896670008739,
WLD,2014,22.7841051615815,
WLD,2015,22.9966258939115,
WLD,2016,23.2182184777472,
WLD,2017,23.4420501998088,
WLD,2018,23.686119461203,
WLD,2019,23.8956529058157,
WLD,2020,24.1228377339531,
WLD,2021,24.3843079575135,
WLD,2022,24.6342323498807,
WLD,2023,24.8629461751027,
WLD,2024,25.0745643499902,
WLD,2025,25.2882564994733,
XM,1960,4.24507517284233,
XM,1961,4.37097424054854,
XM,1962,4.50761392297774,
XM,1963,4.64064401502279,
XM,1964,4.78299833517926,
XM,1965,4.93107327292353,
XM,1966,5.08603958792474,
XM,1967,5.24844255924436,
XM,1968,5.42119268626177,
XM,1969,5.60661212686201,
XM,1970,5.78850202713732,
XM,1971,5.95905660016862,
XM,1972,6.14051993565262,
XM,1973,6.33167833859939,
XM,1974,6.53119401680553,
XM,1975,6.73872401280249,
XM,1976,6.94880450202821,
XM,1977,7.16827181694978,
XM,1978,7.37160086832406,
XM,1979,7.5652735152172,
XM,1980,7.80077967078183,
XM,1981,8.03659500201073,
XM,1982,8.2248152227447,
XM,1983,8.40502581524661,
XM,1984,8.60479454963204,
XM,1985,8.80146178548955,
XM,1986,9.00421822496289,
XM,1987,9.20162383056694,
XM,1988,9.38934223376009,
XM,1989,9.58002905319233,
XM,1990,9.79709205926589,
XM,1991,10.0243496630291,
XM,1992,10.0536500005043,
XM,1993,10.0677738447785,
XM,1994,10.0833958676561,
XM,1995,10.1144859875044,
XM,1996,10.2737626812402,
XM,1997,10.3212455127928,
XM,1998,10.3652918196319,
XM,1999,10.4044631372022,
XM,2000,10.4975255093354,
XM,2001,10.5950245105665,
XM,2002,10.6783072462164,
XM,2003,10.7565964378714,
XM,2004,10.8461881552104,
XM,2005,10.8665076310136,
XM,2006,10.8878546821841,
XM,2007,10.8196932852236,
XM,2008,10.890160820683,
XM,2009,10.9829406392001,
XM,2010,11.0769850014784,
XM,2011,10.9107227349948,
XM,2012,10.8321746521073,
XM,2013,10.8276879018291,
XM,2014,10.8598870454507,
XM,2015,11.0373661950154,
XM,2016,11.2409336498132,
XM,2017,11.3328055863422,
XM,2018,11.4102729112585,
XM,2019,11.4874817944316,
XM,2020,11.5738143932546,
XM,2021,11.6796074763178,
XM,2022,11.8036432146366,
XM,2023,11.9387184689459,
XM,2024,12.0846705979987,
XM,2025,12.2375744473124,
XN,1960,8.06875755908526,
XN,1961,8.19513566218584,
XN,1962,8.32831655592089,
XN,1963,8.46653293793463,
XN,1964,8.60564223665805,
XN,1965,8.74965177943932,
XN,1966,8.90334395909807,
XN,1967,9.05719287589182,
XN,1968,9.21837722565695,
XN,1969,9.38757711523244,
XN,1970,9.55858691209363,
XN,1971,9.7464325245683,
XN,1972,9.93969518472511,
XN,1973,10.1208775541146,
XN,1974,10.3022633220616,
XN,1975,10.2962156689344,
XN,1976,10.4494990057656,
XN,1977,10.6021142802859,
XN,1978,10.7614240780492,
XN,1979,10.91096395066,
XN,1980,11.0618042908337,
XN,1981,11.1989606965567,
XN,1982,11.3026113948819,
XN,1983,11.4075206152567,
XN,1984,11.5098461001375,
XN,1985,11.6158269358327,
XN,1986,11.7287712480679,
XN,1987,11.8533908593569,
XN,1988,11.9887261125377,
XN,1989,12.1216705890493,
XN,1990,12.2607693024451,
XN,1991,12.3909357703611,
XN,1992,12.5075152049153,
XN,1993,12.622916177293,
XN,1994,12.7460811853164,
XN,1995,12.8690949824752,
XN,1996,12.9998536288039,
XN,1997,13.1298857136557,
XN,1998,13.2631508767575,
XN,1999,13.3985107012691,
XN,2000,13.540546221017,
XN,2001,13.6677522824086,
XN,2002,13.7700219434012,
XN,2003,13.8773515796021,
XN,2004,13.990844431911,
XN,2005,14.1143158281771,
XN,2006,14.2459001921462,
XN,2007,14.3793524618107,
XN,2008,14.5231834309327,
XN,2009,14.672655182721,
XN,2010,14.7989306363259,
XN,2011,14.9581631842624,
XN,2012,15.128692470605,
XN,2013,15.3089416627148,
XN,2014,15.5006646943524,
XN,2015,15.7018512565811,
XN,2016,15.9131521343636,
XN,2017,16.1355835914974,
XN,2018,16.374216317262,
XN,2019,16.5948930703517,
XN,2020,16.8202154611671,
XN,2021,17.0599589566099,
XN,2022,17.3041972083434,
XN,2023,17.5401895765956,
XN,2024,17.7763668945994,
XN,2025,18.0138574814216,
XT,1960,10.9916699740369,
XT,1961,11.350558560998,
XT,1962,11.552952736148,
XT,1963,11.6505294569772,
XT,1964,11.7715610530624,
XT,1965,11.9086532719218,
XT,1966,11.9931029749635,
XT,1967,12.0659466276368,
XT,1968,12.1411276733405,
XT,1969,12.2114762039483,
XT,1970,12.2852760967497,
XT,1971,12.3563948034921,
XT,1972,12.4654442580171,
XT,1973,12.5905069733393,
XT,1974,12.7290159229939,
XT,1975,12.8896703646831,
XT,1976,13.058806404914,
XT,1977,13.2509999746816,
XT,1978,13.4563723088096,
XT,1979,13.6748446166573,
XT,1980,13.8942993864415,
XT,1981,14.0466545716326,
XT,1982,14.1749638807181,
XT,1983,14.3454107923349,
XT,1984,14.5338097745163,
XT,1985,14.7305559628657,
XT,1986,14.9304131140866,
XT,1987,15.1206193959742,
XT,1988,15.3209018583358,
XT,1989,15.5373669723438,
XT,1990,15.7714906010266,
XT,1991,16.0753479980548,
XT,1992,16.3919930608896,
XT,1993,16.7372870713825,
XT,1994,17.1161573471736,
XT,1995,17.5284553162801,
XT,1996,17.9670376997452,
XT,1997,18.4370806066092,
XT,1998,18.9459537257594,
XT,1999,19.5036081871761,
XT,2000,20.11540698336,
XT,2001,20.5368957366723,
XT,2002,20.8829670776937,
XT,2003,21.2429837200052,
XT,2004,21.6016260999976,
XT,2005,21.9730134525265,
XT,2006,22.3614344545063,
XT,2007,22.7728534694798,
XT,2008,23.206156503827,
XT,2009,23.6491354807904,
XT,2010,24.1069931035848,
XT,2011,24.4895084108849,
XT,2012,24.8148649524974,
XT,2013,25.1340587663904,
XT,2014,25.4682606280435,
XT,2015,25.8191905657549,
XT,2016,26.1783572675177,
XT,2017,26.5400634236119,
XT,2018,26.9268345543265,
XT,2019,27.3073020251,
XT,2020,27.7240443461038,
XT,2021,28.1756829562546,
XT,2022,28.6583568419138,
XT,2023,29.1354754131454,
XT,2024,29.5634784215501,
XT,2025,29.9666606478163,
YEM,1960,1.30144762549977,
YEM,1961,1.3288756323348,
YEM,1962,1.35664133211097,
YEM,1963,1.38519928913821,
YEM,1964,1.41327571434288,
YEM,1965,1.43997515653465,
YEM,1966,1.46619047424118,
YEM,1967,1.49168779782348,
YEM,1968,1.51663756082483,
YEM,1969,1.54033117898433,
YEM,1970,1.56473650934379,
YEM,1971,1.59004621725887,
YEM,1972,1.61474399429067,
YEM,1973,1.63867252563472,
YEM,1974,1.66196791782173,
YEM,1975,1.72788229760064,
YEM,1976,1.86221249642031,
YEM,1977,2.00503641095245,
YEM,1978,2.15770060356781,
YEM,1979,2.31938963989699,
YEM,1980,2.49052796719981,
YEM,1981,2.67113267050934,
YEM,1982,2.86311715860727,
YEM,1983,3.06635626477958,
YEM,1984,3.28168170848254,
YEM,1985,3.50841749371935,
YEM,1986,3.73700113603517,
YEM,1987,3.95840326107413,
YEM,1988,4.19269240016958,
YEM,1989,4.44123220784165,
YEM,1990,4.70532469288649,
YEM,1991,4.9857656175406,
YEM,1992,5.28511502789887,
YEM,1993,5.6033077540778,
YEM,1994,5.94555861061888,
YEM,1995,6.16982330646644,
YEM,1996,6.29166443570698,
YEM,1997,6.42644686654355,
YEM,1998,6.56703429624602,
YEM,1999,6.71316309167594,
YEM,2000,6.8655387260008,
YEM,2001,7.02426418635245,
YEM,2002,7.19116782143352,
YEM,2003,7.36408971895957,
YEM,2004,7.54207469896018,
YEM,2005,7.63955026933862,
YEM,2006,7.66611577591601,
YEM,2007,7.69368242117121,
YEM,2008,7.72377571291682,
YEM,2009,7.75440991272508,
YEM,2010,7.79010186254688,
YEM,2011,7.83291182213384,
YEM,2012,7.87690372606792,
YEM,2013,7.9205158184,
YEM,2014,7.96256334175635,
YEM,2015,8.00708191264017,
YEM,2016,8.05491978731203,
YEM,2017,8.10222235881558,
YEM,2018,8.15403303406155,
YEM,2019,8.1864361577297,
YEM,2020,8.22747826662578,
YEM,2021,8.28012373644428,
YEM,2022,8.32395500537427,
YEM,2023,8.35854332378483,
YEM,2024,8.39711265489305,
YEM,2025,8.44411428596598,
ZAF,1960,24.4421530383015,
ZAF,1961,24.4531667931844,
ZAF,1962,24.4249425984593,
ZAF,1963,24.3843069650703,
ZAF,1964,24.3404631350445,
ZAF,1965,24.2911294133178,
ZAF,1966,24.2385216479744,
ZAF,1967,24.1822390455953,
ZAF,1968,24.1290917092465,
ZAF,1969,24.082479885426,
ZAF,1970,24.0283386199918,
ZAF,1971,23.8727524277048,
ZAF,1972,23.7366036726979,
ZAF,1973,23.6046592563849,
ZAF,1974,23.486460581146,
ZAF,1975,23.3835974861177,
ZAF,1976,23.2999892026846,
ZAF,1977,23.2184341046807,
ZAF,1978,23.1349087014708,
ZAF,1979,23.0600113249342,
ZAF,1980,22.9119203362109,
ZAF,1981,22.6840641073043,
ZAF,1982,22.4502100072373,
ZAF,1983,22.2135357550668,
ZAF,1984,21.9896457027967,
ZAF,1985,21.829937498311,
ZAF,1986,21.768725514272,
ZAF,1987,21.7261793930749,
ZAF,1988,21.7012945909514,
ZAF,1989,21.6990012888427,
ZAF,1990,21.7331339400212,
ZAF,1991,21.9443470140903,
ZAF,1992,22.419960611645,
ZAF,1993,22.8676705694018,
ZAF,1994,23.4215104174632,
ZAF,1995,24.0955917254257,
ZAF,1996,24.7794019451447,
ZAF,1997,25.3838945450964,
ZAF,1998,25.95322590834,
ZAF,1999,26.5705242643777,
ZAF,2000,27.2541042918428,
ZAF,2001,27.9707148683536,
ZAF,2002,28.4652197449719,
ZAF,2003,28.8722299477109,
ZAF,2004,29.2861989040898,
ZAF,2005,29.7059672601148,
ZAF,2006,30.1334463985629,
ZAF,2007,30.5603636151767,
ZAF,2008,30.9675323873714,
ZAF,2009,31.3687328668002,
ZAF,2010,31.7833042765452,
ZAF,2011,32.189793397346,
ZAF,2012,32.5286221462802,
ZAF,2013,32.8163034914214,
ZAF,2014,33.107338130925,
ZAF,2015,33.2885094947447,
ZAF,2016,33.8343047782544,
ZAF,2017,34.4916268301632,
ZAF,2018,34.8058052854178,
ZAF,2019,34.9673461308452,
ZAF,2020,35.1245833614104,
ZAF,2021,35.2906429017321,
ZAF,2022,35.4780043287413,
ZAF,2023,35.6712602391329,
ZAF,2024,35.8673378350466,
ZAF,2025,36.0745376963021,
ZMB,1960,2.8836339457195,
ZMB,1961,3.11005916868823,
ZMB,1962,3.35427871542799,
ZMB,1963,3.62499628524366,
ZMB,1964,3.96050675744622,
ZMB,1965,4.32519719204807,
ZMB,1966,4.72281894846358,
ZMB,1967,5.15630878711535,
ZMB,1968,5.62933869671657,
ZMB,1969,6.14660161882588,
ZMB,1970,6.42158974741064,
ZMB,1971,6.66803225643075,
ZMB,1972,6.92060878351628,
ZMB,1973,7.17693032481602,
ZMB,1974,7.43914712850932,
ZMB,1975,7.70611969412952,
ZMB,1976,7.98037731330006,
ZMB,1977,8.26269971786787,
ZMB,1978,8.55677946285103,
ZMB,1979,8.86376259648904,
ZMB,1980,9.18306627125061,
ZMB,1981,9.24580109702206,
ZMB,1982,9.2715755918336,
ZMB,1983,9.29644988793359,
ZMB,1984,9.33541423207086,
ZMB,1985,9.38084956495053,
ZMB,1986,9.42839381999868,
ZMB,1987,9.48530456739146,
ZMB,1988,9.55678460489431,
ZMB,1989,9.63795206250553,
ZMB,1990,9.7279291009481,
ZMB,1991,9.82631410798519,
ZMB,1992,9.93257654696038,
ZMB,1993,10.0421057232329,
ZMB,1994,10.1528998215891,
ZMB,1995,10.2622959440176,
ZMB,1996,10.3691193288178,
ZMB,1997,10.4655126851468,
ZMB,1998,10.5562743134444,
ZMB,1999,10.6415653790732,
ZMB,2000,10.7140999703423,
ZMB,2001,10.8598732129255,
ZMB,2002,11.0454229260489,
ZMB,2003,11.2312862956072,
ZMB,2004,11.412598368806,
ZMB,2005,11.5808854117467,
ZMB,2006,11.7356426902129,
ZMB,2007,11.8826175867493,
ZMB,2008,12.0275326840804,
ZMB,2009,12.1760017446495,
ZMB,2010,12.336596638854,
ZMB,2011,12.516411784735,
ZMB,2012,12.7093479393915,
ZMB,2013,12.9104187759761,
ZMB,2014,13.1186579190158,
ZMB,2015,13.337204280067,
ZMB,2016,13.5629279225191,
ZMB,2017,13.7961289627161,
ZMB,2018,14.0419746350878,
ZMB,2019,14.2953549504238,
ZMB,2020,14.555199679738,
ZMB,2021,14.8237668710661,
ZMB,2022,15.0935263136323,
ZMB,2023,15.3505856625409,
ZMB,2024,15.595711293047,
ZMB,2025,15.8386691463134,
ZWE,1960,6.5096528603406,
ZWE,1961,6.63303820653414,
ZWE,1962,6.75805647936776,
ZWE,1963,6.88484157561247,
ZWE,1964,7.01443470217402,
ZWE,1965,7.14542369094993,
ZWE,1966,7.27957407790156,
ZWE,1967,7.41660132758897,
ZWE,1968,7.55621944151954,
ZWE,1969,7.71565904818353,
ZWE,1970,7.98607263381058,
ZWE,1971,8.27190368525793,
ZWE,1972,8.56237635195297,
ZWE,1973,8.77630321215075,
ZWE,1974,8.74976812390917,
ZWE,1975,8.72867440673014,
ZWE,1976,8.7191004444812,
ZWE,1977,8.75185595437298,
ZWE,1978,8.88248396327695,
ZWE,1979,9.00345931647661,
ZWE,1980,8.75302483077351,
ZWE,1981,8.46318029881438,
ZWE,1982,8.38182947826819,
ZWE,1983,8.52989058090952,
ZWE,1984,8.73710359831296,
ZWE,1985,8.95650683397927,
ZWE,1986,9.19234990222184,
ZWE,1987,9.43822940330292,
ZWE,1988,9.70540412104901,
ZWE,1989,10.0051516513567,
ZWE,1990,10.3328200135717,
ZWE,1991,10.6840044071899,
ZWE,1992,11.023993945453,
ZWE,1993,11.1296311847347,
ZWE,1994,11.3280348984489,
ZWE,1995,11.4369190163577,
ZWE,1996,11.4629479600945,
ZWE,1997,11.4635605273502,
ZWE,1998,11.4555716487166,
ZWE,1999,11.4861953087116,
ZWE,2000,11.5982141017679,
ZWE,2001,11.739823107458,
ZWE,2002,11.8486938696867,
ZWE,2003,11.7721956818832,
ZWE,2004,11.6845960858801,
ZWE,2005,11.6137853756884,
ZWE,2006,11.512082709971,
ZWE,2007,11.3999171200255,
ZWE,2008,11.3017529160287,
ZWE,2009,11.1815832102621,
ZWE,2010,11.0399558328993,
ZWE,2011,10.8827720268231,
ZWE,2012,10.7439364643813,
ZWE,2013,10.6296161614316,
ZWE,2014,10.5203226018291,
ZWE,2015,10.4154569483339,
ZWE,2016,10.3066623178958,
ZWE,2017,10.1934368595351,
ZWE,2018,10.0769619005734,
ZWE,2019,9.96185148573461,
ZWE,2020,9.85335889587147,
ZWE,2021,9.76010320809814,
ZWE,2022,9.69403554259815,
ZWE,2023,9.65758026126226,
ZWE,2024,9.63788055011151,
ZWE,2025,9.63387852900115,
